<annotation>
	<folder>images</folder>
	<filename>20230401_185641.jpg</filename>
	<path>C:\Users\alexe\Downloads\setgame\images\20230401_185641.jpg</path>
	<source>
		<database>Unknown</database>
	</source>
	<size>
		<width>4000</width>
		<height>3000</height>
		<depth>3</depth>
	</size>
	<segmented>0</segmented>
	<object>
		<name>1-red-striped-oval</name>
		<pose>Unspecified</pose>
		<truncated>0</truncated>
		<difficult>0</difficult>
		<bndbox>
			<xmin>595</xmin>
			<ymin>874</ymin>
			<xmax>1238</xmax>
			<ymax>1268</ymax>
		</bndbox>
	</object>
	<object>
		<name>3-purple-striped-ovals</name>
		<pose>Unspecified</pose>
		<truncated>0</truncated>
		<difficult>0</difficult>
		<bndbox>
			<xmin>485</xmin>
			<ymin>1375</ymin>
			<xmax>1177</xmax>
			<ymax>1807</ymax>
		</bndbox>
	</object>
	<object>
		<name>3-purple-empty-ovals</name>
		<pose>Unspecified</pose>
		<truncated>0</truncated>
		<difficult>0</difficult>
		<bndbox>
			<xmin>336</xmin>
			<ymin>1897</ymin>
			<xmax>1033</xmax>
			<ymax>2415</ymax>
		</bndbox>
	</object>
	<object>
		<name>3-purple-empty-squiggles</name>
		<pose>Unspecified</pose>
		<truncated>0</truncated>
		<difficult>0</difficult>
		<bndbox>
			<xmin>1368</xmin>
			<ymin>934</ymin>
			<xmax>1972</xmax>
			<ymax>1311</ymax>
		</bndbox>
	</object>
	<object>
		<name>1-green-solid-diamond</name>
		<pose>Unspecified</pose>
		<truncated>0</truncated>
		<difficult>0</difficult>
		<bndbox>
			<xmin>1272</xmin>
			<ymin>1459</ymin>
			<xmax>1956</xmax>
			<ymax>1864</ymax>
		</bndbox>
	</object>
	<object>
		<name>2-green-solid-squiggles</name>
		<pose>Unspecified</pose>
		<truncated>0</truncated>
		<difficult>0</difficult>
		<bndbox>
			<xmin>1195</xmin>
			<ymin>1991</ymin>
			<xmax>1888</xmax>
			<ymax>2470</ymax>
		</bndbox>
	</object>
	<object>
		<name>1-red-solid-squiggle</name>
		<pose>Unspecified</pose>
		<truncated>0</truncated>
		<difficult>0</difficult>
		<bndbox>
			<xmin>2123</xmin>
			<ymin>954</ymin>
			<xmax>2758</xmax>
			<ymax>1336</ymax>
		</bndbox>
	</object>
	<object>
		<name>1-green-solid-squiggle</name>
		<pose>Unspecified</pose>
		<truncated>0</truncated>
		<difficult>0</difficult>
		<bndbox>
			<xmin>2090</xmin>
			<ymin>1445</ymin>
			<xmax>2788</xmax>
			<ymax>1894</ymax>
		</bndbox>
	</object>
	<object>
		<name>3-red-striped-ovals</name>
		<pose>Unspecified</pose>
		<truncated>0</truncated>
		<difficult>0</difficult>
		<bndbox>
			<xmin>2128</xmin>
			<ymin>2029</ymin>
			<xmax>2858</xmax>
			<ymax>2540</ymax>
		</bndbox>
	</object>
	<object>
		<name>3-red-solid-ovals</name>
		<pose>Unspecified</pose>
		<truncated>0</truncated>
		<difficult>0</difficult>
		<bndbox>
			<xmin>2954</xmin>
			<ymin>970</ymin>
			<xmax>3627</xmax>
			<ymax>1386</ymax>
		</bndbox>
	</object>
	<object>
		<name>1-purple-striped-squiggle</name>
		<pose>Unspecified</pose>
		<truncated>0</truncated>
		<difficult>0</difficult>
		<bndbox>
			<xmin>2950</xmin>
			<ymin>1488</ymin>
			<xmax>3688</xmax>
			<ymax>1929</ymax>
		</bndbox>
	</object>
	<object>
		<name>2-red-empty-ovals</name>
		<pose>Unspecified</pose>
		<truncated>0</truncated>
		<difficult>0</difficult>
		<bndbox>
			<xmin>2956</xmin>
			<ymin>2054</ymin>
			<xmax>3763</xmax>
			<ymax>2536</ymax>
		</bndbox>
	</object>
</annotation>
