<annotation>
	<folder>images</folder>
	<filename>20230401_182844.jpg</filename>
	<path>C:\Users\alexe\Downloads\setgame\images\20230401_182844.jpg</path>
	<source>
		<database>Unknown</database>
	</source>
	<size>
		<width>4000</width>
		<height>3000</height>
		<depth>3</depth>
	</size>
	<segmented>0</segmented>
	<object>
		<name>2-purple-striped-ovals</name>
		<pose>Unspecified</pose>
		<truncated>0</truncated>
		<difficult>0</difficult>
		<bndbox>
			<xmin>1093</xmin>
			<ymin>576</ymin>
			<xmax>1648</xmax>
			<ymax>960</ymax>
		</bndbox>
	</object>
	<object>
		<name>2-green-solid-ovals</name>
		<pose>Unspecified</pose>
		<truncated>0</truncated>
		<difficult>0</difficult>
		<bndbox>
			<xmin>1809</xmin>
			<ymin>528</ymin>
			<xmax>2432</xmax>
			<ymax>947</ymax>
		</bndbox>
	</object>
	<object>
		<name>1-purple-solid-squiggle</name>
		<pose>Unspecified</pose>
		<truncated>0</truncated>
		<difficult>0</difficult>
		<bndbox>
			<xmin>2609</xmin>
			<ymin>454</ymin>
			<xmax>3364</xmax>
			<ymax>915</ymax>
		</bndbox>
	</object>
	<object>
		<name>1-green-empty-squiggle</name>
		<pose>Unspecified</pose>
		<truncated>0</truncated>
		<difficult>0</difficult>
		<bndbox>
			<xmin>1035</xmin>
			<ymin>1305</ymin>
			<xmax>1590</xmax>
			<ymax>1705</ymax>
		</bndbox>
	</object>
	<object>
		<name>3-red-empty-squiggles</name>
		<pose>Unspecified</pose>
		<truncated>0</truncated>
		<difficult>0</difficult>
		<bndbox>
			<xmin>1796</xmin>
			<ymin>1270</ymin>
			<xmax>2454</xmax>
			<ymax>1699</ymax>
		</bndbox>
	</object>
	<object>
		<name>1-green-striped-squiggle</name>
		<pose>Unspecified</pose>
		<truncated>0</truncated>
		<difficult>0</difficult>
		<bndbox>
			<xmin>2603</xmin>
			<ymin>1241</ymin>
			<xmax>3374</xmax>
			<ymax>1686</ymax>
		</bndbox>
	</object>
	<object>
		<name>2-red-solid-ovals</name>
		<pose>Unspecified</pose>
		<truncated>0</truncated>
		<difficult>0</difficult>
		<bndbox>
			<xmin>1158</xmin>
			<ymin>2022</ymin>
			<xmax>1677</xmax>
			<ymax>2425</ymax>
		</bndbox>
	</object>
	<object>
		<name>2-green-empty-diamonds</name>
		<pose>Unspecified</pose>
		<truncated>0</truncated>
		<difficult>0</difficult>
		<bndbox>
			<xmin>1861</xmin>
			<ymin>2047</ymin>
			<xmax>2513</xmax>
			<ymax>2486</ymax>
		</bndbox>
	</object>
	<object>
		<name>1-green-empty-diamond</name>
		<pose>Unspecified</pose>
		<truncated>0</truncated>
		<difficult>0</difficult>
		<bndbox>
			<xmin>2706</xmin>
			<ymin>2089</ymin>
			<xmax>3490</xmax>
			<ymax>2557</ymax>
		</bndbox>
	</object>
</annotation>
