<annotation>
	<folder>images</folder>
	<filename>20230401_185348.jpg</filename>
	<path>C:\Users\alexe\Downloads\setgame\images\20230401_185348.jpg</path>
	<source>
		<database>Unknown</database>
	</source>
	<size>
		<width>4000</width>
		<height>3000</height>
		<depth>3</depth>
	</size>
	<segmented>0</segmented>
	<object>
		<name>1-purple-striped-oval</name>
		<pose>Unspecified</pose>
		<truncated>0</truncated>
		<difficult>0</difficult>
		<bndbox>
			<xmin>424</xmin>
			<ymin>607</ymin>
			<xmax>1273</xmax>
			<ymax>1193</ymax>
		</bndbox>
	</object>
	<object>
		<name>2-green-empty-ovals</name>
		<pose>Unspecified</pose>
		<truncated>0</truncated>
		<difficult>0</difficult>
		<bndbox>
			<xmin>483</xmin>
			<ymin>1413</ymin>
			<xmax>1322</xmax>
			<ymax>1925</ymax>
		</bndbox>
	</object>
	<object>
		<name>1-green-solid-oval</name>
		<pose>Unspecified</pose>
		<truncated>0</truncated>
		<difficult>0</difficult>
		<bndbox>
			<xmin>483</xmin>
			<ymin>2206</ymin>
			<xmax>1327</xmax>
			<ymax>2788</ymax>
		</bndbox>
	</object>
	<object>
		<name>3-green-striped-squiggles</name>
		<pose>Unspecified</pose>
		<truncated>0</truncated>
		<difficult>0</difficult>
		<bndbox>
			<xmin>1524</xmin>
			<ymin>635</ymin>
			<xmax>2429</xmax>
			<ymax>1222</ymax>
		</bndbox>
	</object>
	<object>
		<name>2-purple-striped-squiggles</name>
		<pose>Unspecified</pose>
		<truncated>0</truncated>
		<difficult>0</difficult>
		<bndbox>
			<xmin>1499</xmin>
			<ymin>1393</ymin>
			<xmax>2397</xmax>
			<ymax>1995</ymax>
		</bndbox>
	</object>
	<object>
		<name>3-green-striped-ovals</name>
		<pose>Unspecified</pose>
		<truncated>0</truncated>
		<difficult>0</difficult>
		<bndbox>
			<xmin>1506</xmin>
			<ymin>2227</ymin>
			<xmax>2390</xmax>
			<ymax>2791</ymax>
		</bndbox>
	</object>
	<object>
		<name>3-purple-solid-squiggles</name>
		<pose>Unspecified</pose>
		<truncated>0</truncated>
		<difficult>0</difficult>
		<bndbox>
			<xmin>2652</xmin>
			<ymin>634</ymin>
			<xmax>3611</xmax>
			<ymax>1236</ymax>
		</bndbox>
	</object>
	<object>
		<name>1-purple-empty-squiggle</name>
		<pose>Unspecified</pose>
		<truncated>0</truncated>
		<difficult>0</difficult>
		<bndbox>
			<xmin>2645</xmin>
			<ymin>1436</ymin>
			<xmax>3581</xmax>
			<ymax>2040</ymax>
		</bndbox>
	</object>
	<object>
		<name>3-purple-solid-ovals</name>
		<pose>Unspecified</pose>
		<truncated>0</truncated>
		<difficult>0</difficult>
		<bndbox>
			<xmin>2674</xmin>
			<ymin>2188</ymin>
			<xmax>3613</xmax>
			<ymax>2813</ymax>
		</bndbox>
	</object>
</annotation>
