<annotation>
	<folder>images</folder>
	<filename>20230401_184036.jpg</filename>
	<path>C:\Users\alexe\Downloads\setgame\images\20230401_184036.jpg</path>
	<source>
		<database>Unknown</database>
	</source>
	<size>
		<width>4000</width>
		<height>3000</height>
		<depth>3</depth>
	</size>
	<segmented>0</segmented>
	<object>
		<name>1-green-striped-diamond</name>
		<pose>Unspecified</pose>
		<truncated>0</truncated>
		<difficult>0</difficult>
		<bndbox>
			<xmin>479</xmin>
			<ymin>954</ymin>
			<xmax>1133</xmax>
			<ymax>1390</ymax>
		</bndbox>
	</object>
	<object>
		<name>1-purple-solid-oval</name>
		<pose>Unspecified</pose>
		<truncated>0</truncated>
		<difficult>0</difficult>
		<bndbox>
			<xmin>1224</xmin>
			<ymin>959</ymin>
			<xmax>1918</xmax>
			<ymax>1406</ymax>
		</bndbox>
	</object>
	<object>
		<name>1-purple-solid-diamond</name>
		<pose>Unspecified</pose>
		<truncated>0</truncated>
		<difficult>0</difficult>
		<bndbox>
			<xmin>2033</xmin>
			<ymin>943</ymin>
			<xmax>2777</xmax>
			<ymax>1402</ymax>
		</bndbox>
	</object>
	<object>
		<name>2-green-striped-squiggles</name>
		<pose>Unspecified</pose>
		<truncated>0</truncated>
		<difficult>0</difficult>
		<bndbox>
			<xmin>2888</xmin>
			<ymin>915</ymin>
			<xmax>3652</xmax>
			<ymax>1379</ymax>
		</bndbox>
	</object>
	<object>
		<name>3-purple-striped-squiggles</name>
		<pose>Unspecified</pose>
		<truncated>0</truncated>
		<difficult>0</difficult>
		<bndbox>
			<xmin>502</xmin>
			<ymin>1600</ymin>
			<xmax>1133</xmax>
			<ymax>2070</ymax>
		</bndbox>
	</object>
	<object>
		<name>3-red-empty-diamonds</name>
		<pose>Unspecified</pose>
		<truncated>0</truncated>
		<difficult>0</difficult>
		<bndbox>
			<xmin>1256</xmin>
			<ymin>1618</ymin>
			<xmax>1963</xmax>
			<ymax>2059</ymax>
		</bndbox>
	</object>
	<object>
		<name>2-red-solid-diamonds</name>
		<pose>Unspecified</pose>
		<truncated>0</truncated>
		<difficult>0</difficult>
		<bndbox>
			<xmin>2063</xmin>
			<ymin>1634</ymin>
			<xmax>2806</xmax>
			<ymax>2075</ymax>
		</bndbox>
	</object>
	<object>
		<name>2-green-empty-squiggles</name>
		<pose>Unspecified</pose>
		<truncated>0</truncated>
		<difficult>0</difficult>
		<bndbox>
			<xmin>2943</xmin>
			<ymin>1577</ymin>
			<xmax>3704</xmax>
			<ymax>2050</ymax>
		</bndbox>
	</object>
	<object>
		<name>2-green-solid-diamonds</name>
		<pose>Unspecified</pose>
		<truncated>0</truncated>
		<difficult>0</difficult>
		<bndbox>
			<xmin>445</xmin>
			<ymin>2215</ymin>
			<xmax>1088</xmax>
			<ymax>2679</ymax>
		</bndbox>
	</object>
	<object>
		<name>1-red-striped-squiggle</name>
		<pose>Unspecified</pose>
		<truncated>0</truncated>
		<difficult>0</difficult>
		<bndbox>
			<xmin>1261</xmin>
			<ymin>2220</ymin>
			<xmax>1952</xmax>
			<ymax>2688</ymax>
		</bndbox>
	</object>
	<object>
		<name>1-red-empty-squiggle</name>
		<pose>Unspecified</pose>
		<truncated>0</truncated>
		<difficult>0</difficult>
		<bndbox>
			<xmin>2081</xmin>
			<ymin>2263</ymin>
			<xmax>2806</xmax>
			<ymax>2740</ymax>
		</bndbox>
	</object>
	<object>
		<name>3-red-striped-diamonds</name>
		<pose>Unspecified</pose>
		<truncated>0</truncated>
		<difficult>0</difficult>
		<bndbox>
			<xmin>2933</xmin>
			<ymin>2240</ymin>
			<xmax>3699</xmax>
			<ymax>2738</ymax>
		</bndbox>
	</object>
</annotation>
