<annotation>
	<folder>images</folder>
	<filename>20230401_185619.jpg</filename>
	<path>C:\Users\alexe\Downloads\setgame\images\20230401_185619.jpg</path>
	<source>
		<database>Unknown</database>
	</source>
	<size>
		<width>4000</width>
		<height>3000</height>
		<depth>3</depth>
	</size>
	<segmented>0</segmented>
	<object>
		<name>3-purple-solid-squiggles</name>
		<pose>Unspecified</pose>
		<truncated>0</truncated>
		<difficult>0</difficult>
		<bndbox>
			<xmin>362</xmin>
			<ymin>883</ymin>
			<xmax>1023</xmax>
			<ymax>1328</ymax>
		</bndbox>
	</object>
	<object>
		<name>1-purple-empty-squiggle</name>
		<pose>Unspecified</pose>
		<truncated>0</truncated>
		<difficult>0</difficult>
		<bndbox>
			<xmin>266</xmin>
			<ymin>1444</ymin>
			<xmax>906</xmax>
			<ymax>1869</ymax>
		</bndbox>
	</object>
	<object>
		<name>3-purple-solid-ovals</name>
		<pose>Unspecified</pose>
		<truncated>0</truncated>
		<difficult>0</difficult>
		<bndbox>
			<xmin>140</xmin>
			<ymin>1993</ymin>
			<xmax>847</xmax>
			<ymax>2500</ymax>
		</bndbox>
	</object>
	<object>
		<name>1-red-striped-oval</name>
		<pose>Unspecified</pose>
		<truncated>0</truncated>
		<difficult>0</difficult>
		<bndbox>
			<xmin>1224</xmin>
			<ymin>854</ymin>
			<xmax>1854</xmax>
			<ymax>1277</ymax>
		</bndbox>
	</object>
	<object>
		<name>3-purple-striped-ovals</name>
		<pose>Unspecified</pose>
		<truncated>0</truncated>
		<difficult>0</difficult>
		<bndbox>
			<xmin>1159</xmin>
			<ymin>1429</ymin>
			<xmax>1852</xmax>
			<ymax>1865</ymax>
		</bndbox>
	</object>
	<object>
		<name>3-purple-empty-ovals</name>
		<pose>Unspecified</pose>
		<truncated>0</truncated>
		<difficult>0</difficult>
		<bndbox>
			<xmin>1033</xmin>
			<ymin>2024</ymin>
			<xmax>1799</xmax>
			<ymax>2529</ymax>
		</bndbox>
	</object>
	<object>
		<name>3-purple-empty-squiggles</name>
		<pose>Unspecified</pose>
		<truncated>0</truncated>
		<difficult>0</difficult>
		<bndbox>
			<xmin>2027</xmin>
			<ymin>843</ymin>
			<xmax>2739</xmax>
			<ymax>1271</ymax>
		</bndbox>
	</object>
	<object>
		<name>1-green-solid-diamond</name>
		<pose>Unspecified</pose>
		<truncated>0</truncated>
		<difficult>0</difficult>
		<bndbox>
			<xmin>2013</xmin>
			<ymin>1427</ymin>
			<xmax>2770</xmax>
			<ymax>1879</ymax>
		</bndbox>
	</object>
	<object>
		<name>2-green-solid-squiggles</name>
		<pose>Unspecified</pose>
		<truncated>0</truncated>
		<difficult>0</difficult>
		<bndbox>
			<xmin>1974</xmin>
			<ymin>2041</ymin>
			<xmax>2786</xmax>
			<ymax>2577</ymax>
		</bndbox>
	</object>
	<object>
		<name>1-red-solid-squiggle</name>
		<pose>Unspecified</pose>
		<truncated>0</truncated>
		<difficult>0</difficult>
		<bndbox>
			<xmin>2907</xmin>
			<ymin>792</ymin>
			<xmax>3620</xmax>
			<ymax>1219</ymax>
		</bndbox>
	</object>
	<object>
		<name>1-green-solid-squiggle</name>
		<pose>Unspecified</pose>
		<truncated>0</truncated>
		<difficult>0</difficult>
		<bndbox>
			<xmin>2933</xmin>
			<ymin>1366</ymin>
			<xmax>3754</xmax>
			<ymax>1850</ymax>
		</bndbox>
	</object>
	<object>
		<name>3-red-striped-ovals</name>
		<pose>Unspecified</pose>
		<truncated>0</truncated>
		<difficult>0</difficult>
		<bndbox>
			<xmin>3054</xmin>
			<ymin>2045</ymin>
			<xmax>3954</xmax>
			<ymax>2593</ymax>
		</bndbox>
	</object>
</annotation>
