<annotation>
	<folder>images</folder>
	<filename>20230401_182901.jpg</filename>
	<path>C:\Users\alexe\Downloads\setgame\images\20230401_182901.jpg</path>
	<source>
		<database>Unknown</database>
	</source>
	<size>
		<width>4000</width>
		<height>3000</height>
		<depth>3</depth>
	</size>
	<segmented>0</segmented>
	<object>
		<name>2-purple-striped-ovals</name>
		<pose>Unspecified</pose>
		<truncated>0</truncated>
		<difficult>0</difficult>
		<bndbox>
			<xmin>567</xmin>
			<ymin>735</ymin>
			<xmax>1109</xmax>
			<ymax>1073</ymax>
		</bndbox>
	</object>
	<object>
		<name>2-green-solid-ovals</name>
		<pose>Unspecified</pose>
		<truncated>0</truncated>
		<difficult>0</difficult>
		<bndbox>
			<xmin>1242</xmin>
			<ymin>712</ymin>
			<xmax>1796</xmax>
			<ymax>1067</ymax>
		</bndbox>
	</object>
	<object>
		<name>1-purple-solid-squiggle</name>
		<pose>Unspecified</pose>
		<truncated>0</truncated>
		<difficult>0</difficult>
		<bndbox>
			<xmin>1935</xmin>
			<ymin>680</ymin>
			<xmax>2522</xmax>
			<ymax>1051</ymax>
		</bndbox>
	</object>
	<object>
		<name>3-green-solid-diamonds</name>
		<pose>Unspecified</pose>
		<truncated>0</truncated>
		<difficult>0</difficult>
		<bndbox>
			<xmin>2700</xmin>
			<ymin>631</ymin>
			<xmax>3367</xmax>
			<ymax>1018</ymax>
		</bndbox>
	</object>
	<object>
		<name>1-green-empty-squiggle</name>
		<pose>Unspecified</pose>
		<truncated>0</truncated>
		<difficult>0</difficult>
		<bndbox>
			<xmin>554</xmin>
			<ymin>1389</ymin>
			<xmax>1080</xmax>
			<ymax>1741</ymax>
		</bndbox>
	</object>
	<object>
		<name>3-red-empty-squiggles</name>
		<pose>Unspecified</pose>
		<truncated>0</truncated>
		<difficult>0</difficult>
		<bndbox>
			<xmin>1277</xmin>
			<ymin>1364</ymin>
			<xmax>1803</xmax>
			<ymax>1702</ymax>
		</bndbox>
	</object>
	<object>
		<name>1-green-striped-squiggle</name>
		<pose>Unspecified</pose>
		<truncated>0</truncated>
		<difficult>0</difficult>
		<bndbox>
			<xmin>1938</xmin>
			<ymin>1325</ymin>
			<xmax>2535</xmax>
			<ymax>1683</ymax>
		</bndbox>
	</object>
	<object>
		<name>2-red-empty-diamonds</name>
		<pose>Unspecified</pose>
		<truncated>0</truncated>
		<difficult>0</difficult>
		<bndbox>
			<xmin>2661</xmin>
			<ymin>1302</ymin>
			<xmax>3303</xmax>
			<ymax>1686</ymax>
		</bndbox>
	</object>
	<object>
		<name>2-red-solid-ovals</name>
		<pose>Unspecified</pose>
		<truncated>0</truncated>
		<difficult>0</difficult>
		<bndbox>
			<xmin>677</xmin>
			<ymin>2035</ymin>
			<xmax>1164</xmax>
			<ymax>2370</ymax>
		</bndbox>
	</object>
	<object>
		<name>2-green-empty-diamonds</name>
		<pose>Unspecified</pose>
		<truncated>0</truncated>
		<difficult>0</difficult>
		<bndbox>
			<xmin>1322</xmin>
			<ymin>2031</ymin>
			<xmax>1884</xmax>
			<ymax>2380</ymax>
		</bndbox>
	</object>
	<object>
		<name>1-green-empty-diamond</name>
		<pose>Unspecified</pose>
		<truncated>0</truncated>
		<difficult>0</difficult>
		<bndbox>
			<xmin>2038</xmin>
			<ymin>2035</ymin>
			<xmax>2654</xmax>
			<ymax>2402</ymax>
		</bndbox>
	</object>
	<object>
		<name>2-purple-empty-ovals</name>
		<pose>Unspecified</pose>
		<truncated>0</truncated>
		<difficult>0</difficult>
		<bndbox>
			<xmin>2774</xmin>
			<ymin>1980</ymin>
			<xmax>3409</xmax>
			<ymax>2344</ymax>
		</bndbox>
	</object>
</annotation>
