<annotation>
	<folder>images</folder>
	<filename>20230401_183520.jpg</filename>
	<path>C:\Users\alexe\Downloads\setgame\images\20230401_183520.jpg</path>
	<source>
		<database>Unknown</database>
	</source>
	<size>
		<width>4000</width>
		<height>3000</height>
		<depth>3</depth>
	</size>
	<segmented>0</segmented>
	<object>
		<name>2-red-striped-diamonds</name>
		<pose>Unspecified</pose>
		<truncated>0</truncated>
		<difficult>0</difficult>
		<bndbox>
			<xmin>190</xmin>
			<ymin>663</ymin>
			<xmax>881</xmax>
			<ymax>1090</ymax>
		</bndbox>
	</object>
	<object>
		<name>1-purple-empty-diamond</name>
		<pose>Unspecified</pose>
		<truncated>0</truncated>
		<difficult>0</difficult>
		<bndbox>
			<xmin>972</xmin>
			<ymin>604</ymin>
			<xmax>1665</xmax>
			<ymax>1015</ymax>
		</bndbox>
	</object>
	<object>
		<name>1-green-striped-diamond</name>
		<pose>Unspecified</pose>
		<truncated>0</truncated>
		<difficult>0</difficult>
		<bndbox>
			<xmin>1722</xmin>
			<ymin>495</ymin>
			<xmax>2438</xmax>
			<ymax>945</ymax>
		</bndbox>
	</object>
	<object>
		<name>1-purple-solid-oval</name>
		<pose>Unspecified</pose>
		<truncated>0</truncated>
		<difficult>0</difficult>
		<bndbox>
			<xmin>2527</xmin>
			<ymin>450</ymin>
			<xmax>3308</xmax>
			<ymax>902</ymax>
		</bndbox>
	</object>
	<object>
		<name>3-green-striped-diamonds</name>
		<pose>Unspecified</pose>
		<truncated>0</truncated>
		<difficult>0</difficult>
		<bndbox>
			<xmin>183</xmin>
			<ymin>1240</ymin>
			<xmax>840</xmax>
			<ymax>1688</ymax>
		</bndbox>
	</object>
	<object>
		<name>3-red-solid-diamonds</name>
		<pose>Unspecified</pose>
		<truncated>0</truncated>
		<difficult>0</difficult>
		<bndbox>
			<xmin>972</xmin>
			<ymin>1200</ymin>
			<xmax>1674</xmax>
			<ymax>1672</ymax>
		</bndbox>
	</object>
	<object>
		<name>3-purple-striped-squiggles</name>
		<pose>Unspecified</pose>
		<truncated>0</truncated>
		<difficult>0</difficult>
		<bndbox>
			<xmin>1752</xmin>
			<ymin>1190</ymin>
			<xmax>2481</xmax>
			<ymax>1654</ymax>
		</bndbox>
	</object>
	<object>
		<name>3-red-empty-diamonds</name>
		<pose>Unspecified</pose>
		<truncated>0</truncated>
		<difficult>0</difficult>
		<bndbox>
			<xmin>2590</xmin>
			<ymin>1152</ymin>
			<xmax>3393</xmax>
			<ymax>1618</ymax>
		</bndbox>
	</object>
	<object>
		<name>1-red-solid-oval</name>
		<pose>Unspecified</pose>
		<truncated>0</truncated>
		<difficult>0</difficult>
		<bndbox>
			<xmin>147</xmin>
			<ymin>1927</ymin>
			<xmax>849</xmax>
			<ymax>2400</ymax>
		</bndbox>
	</object>
	<object>
		<name>2-green-striped-diamonds</name>
		<pose>Unspecified</pose>
		<truncated>0</truncated>
		<difficult>0</difficult>
		<bndbox>
			<xmin>911</xmin>
			<ymin>1936</ymin>
			<xmax>1645</xmax>
			<ymax>2422</ymax>
		</bndbox>
	</object>
	<object>
		<name>2-green-solid-diamonds</name>
		<pose>Unspecified</pose>
		<truncated>0</truncated>
		<difficult>0</difficult>
		<bndbox>
			<xmin>1718</xmin>
			<ymin>1854</ymin>
			<xmax>2474</xmax>
			<ymax>2345</ymax>
		</bndbox>
	</object>
	<object>
		<name>1-red-striped-squiggle</name>
		<pose>Unspecified</pose>
		<truncated>0</truncated>
		<difficult>0</difficult>
		<bndbox>
			<xmin>2661</xmin>
			<ymin>1800</ymin>
			<xmax>3479</xmax>
			<ymax>2284</ymax>
		</bndbox>
	</object>
</annotation>
