<annotation>
	<folder>images</folder>
	<filename>20230401_183338.jpg</filename>
	<path>C:\Users\alexe\Downloads\setgame\images\20230401_183338.jpg</path>
	<source>
		<database>Unknown</database>
	</source>
	<size>
		<width>4000</width>
		<height>3000</height>
		<depth>3</depth>
	</size>
	<segmented>0</segmented>
	<object>
		<name>3-green-empty-diamonds</name>
		<pose>Unspecified</pose>
		<truncated>0</truncated>
		<difficult>0</difficult>
		<bndbox>
			<xmin>147</xmin>
			<ymin>893</ymin>
			<xmax>927</xmax>
			<ymax>1429</ymax>
		</bndbox>
	</object>
	<object>
		<name>2-red-striped-diamonds</name>
		<pose>Unspecified</pose>
		<truncated>0</truncated>
		<difficult>0</difficult>
		<bndbox>
			<xmin>1111</xmin>
			<ymin>979</ymin>
			<xmax>1915</xmax>
			<ymax>1500</ymax>
		</bndbox>
	</object>
	<object>
		<name>1-purple-empty-diamond</name>
		<pose>Unspecified</pose>
		<truncated>0</truncated>
		<difficult>0</difficult>
		<bndbox>
			<xmin>2072</xmin>
			<ymin>934</ymin>
			<xmax>2933</xmax>
			<ymax>1509</ymax>
		</bndbox>
	</object>
	<object>
		<name>1-green-striped-diamond</name>
		<pose>Unspecified</pose>
		<truncated>1</truncated>
		<difficult>0</difficult>
		<bndbox>
			<xmin>3061</xmin>
			<ymin>870</ymin>
			<xmax>4000</xmax>
			<ymax>1462</ymax>
		</bndbox>
	</object>
	<object>
		<name>3-green-empty-squiggles</name>
		<pose>Unspecified</pose>
		<truncated>0</truncated>
		<difficult>0</difficult>
		<bndbox>
			<xmin>177</xmin>
			<ymin>1679</ymin>
			<xmax>929</xmax>
			<ymax>2181</ymax>
		</bndbox>
	</object>
	<object>
		<name>3-green-striped-diamonds</name>
		<pose>Unspecified</pose>
		<truncated>0</truncated>
		<difficult>0</difficult>
		<bndbox>
			<xmin>1143</xmin>
			<ymin>1688</ymin>
			<xmax>1931</xmax>
			<ymax>2190</ymax>
		</bndbox>
	</object>
	<object>
		<name>3-red-solid-diamonds</name>
		<pose>Unspecified</pose>
		<truncated>0</truncated>
		<difficult>0</difficult>
		<bndbox>
			<xmin>2099</xmin>
			<ymin>1706</ymin>
			<xmax>2911</xmax>
			<ymax>2243</ymax>
		</bndbox>
	</object>
	<object>
		<name>3-purple-striped-squiggles</name>
		<pose>Unspecified</pose>
		<truncated>0</truncated>
		<difficult>0</difficult>
		<bndbox>
			<xmin>3040</xmin>
			<ymin>1740</ymin>
			<xmax>3931</xmax>
			<ymax>2277</ymax>
		</bndbox>
	</object>
	<object>
		<name>2-purple-solid-diamonds</name>
		<pose>Unspecified</pose>
		<truncated>0</truncated>
		<difficult>0</difficult>
		<bndbox>
			<xmin>331</xmin>
			<ymin>2352</ymin>
			<xmax>1058</xmax>
			<ymax>2813</ymax>
		</bndbox>
	</object>
	<object>
		<name>1-red-solid-oval</name>
		<pose>Unspecified</pose>
		<truncated>0</truncated>
		<difficult>0</difficult>
		<bndbox>
			<xmin>1213</xmin>
			<ymin>2395</ymin>
			<xmax>1963</xmax>
			<ymax>2890</ymax>
		</bndbox>
	</object>
	<object>
		<name>2-green-striped-diamonds</name>
		<pose>Unspecified</pose>
		<truncated>0</truncated>
		<difficult>0</difficult>
		<bndbox>
			<xmin>2018</xmin>
			<ymin>2486</ymin>
			<xmax>2831</xmax>
			<ymax>2947</ymax>
		</bndbox>
	</object>
	<object>
		<name>2-green-solid-diamonds</name>
		<pose>Unspecified</pose>
		<truncated>0</truncated>
		<difficult>0</difficult>
		<bndbox>
			<xmin>2931</xmin>
			<ymin>2484</ymin>
			<xmax>3811</xmax>
			<ymax>2972</ymax>
		</bndbox>
	</object>
</annotation>
