<annotation>
	<folder>images</folder>
	<filename>20230401_184143.jpg</filename>
	<path>C:\Users\alexe\Downloads\setgame\images\20230401_184143.jpg</path>
	<source>
		<database>Unknown</database>
	</source>
	<size>
		<width>4000</width>
		<height>3000</height>
		<depth>3</depth>
	</size>
	<segmented>0</segmented>
	<object>
		<name>1-green-striped-diamond</name>
		<pose>Unspecified</pose>
		<truncated>0</truncated>
		<difficult>0</difficult>
		<bndbox>
			<xmin>2</xmin>
			<ymin>590</ymin>
			<xmax>602</xmax>
			<ymax>1002</ymax>
		</bndbox>
	</object>
	<object>
		<name>1-purple-solid-oval</name>
		<pose>Unspecified</pose>
		<truncated>0</truncated>
		<difficult>0</difficult>
		<bndbox>
			<xmin>745</xmin>
			<ymin>559</ymin>
			<xmax>1393</xmax>
			<ymax>981</ymax>
		</bndbox>
	</object>
	<object>
		<name>1-purple-solid-diamond</name>
		<pose>Unspecified</pose>
		<truncated>0</truncated>
		<difficult>0</difficult>
		<bndbox>
			<xmin>1570</xmin>
			<ymin>486</ymin>
			<xmax>2356</xmax>
			<ymax>943</ymax>
		</bndbox>
	</object>
	<object>
		<name>2-green-striped-squiggles</name>
		<pose>Unspecified</pose>
		<truncated>0</truncated>
		<difficult>0</difficult>
		<bndbox>
			<xmin>2504</xmin>
			<ymin>379</ymin>
			<xmax>3379</xmax>
			<ymax>879</ymax>
		</bndbox>
	</object>
	<object>
		<name>3-red-empty-diamonds</name>
		<pose>Unspecified</pose>
		<truncated>0</truncated>
		<difficult>0</difficult>
		<bndbox>
			<xmin>647</xmin>
			<ymin>1229</ymin>
			<xmax>1390</xmax>
			<ymax>1706</ymax>
		</bndbox>
	</object>
	<object>
		<name>2-red-solid-diamonds</name>
		<pose>Unspecified</pose>
		<truncated>0</truncated>
		<difficult>0</difficult>
		<bndbox>
			<xmin>1543</xmin>
			<ymin>1184</ymin>
			<xmax>2390</xmax>
			<ymax>1715</ymax>
		</bndbox>
	</object>
	<object>
		<name>2-green-empty-squiggles</name>
		<pose>Unspecified</pose>
		<truncated>0</truncated>
		<difficult>0</difficult>
		<bndbox>
			<xmin>2563</xmin>
			<ymin>1088</ymin>
			<xmax>3529</xmax>
			<ymax>1652</ymax>
		</bndbox>
	</object>
	<object>
		<name>1-red-striped-squiggle</name>
		<pose>Unspecified</pose>
		<truncated>0</truncated>
		<difficult>0</difficult>
		<bndbox>
			<xmin>556</xmin>
			<ymin>1927</ymin>
			<xmax>1329</xmax>
			<ymax>2497</ymax>
		</bndbox>
	</object>
	<object>
		<name>1-red-empty-squiggle</name>
		<pose>Unspecified</pose>
		<truncated>0</truncated>
		<difficult>0</difficult>
		<bndbox>
			<xmin>1529</xmin>
			<ymin>1940</ymin>
			<xmax>2408</xmax>
			<ymax>2570</ymax>
		</bndbox>
	</object>
	<object>
		<name>3-red-striped-diamonds</name>
		<pose>Unspecified</pose>
		<truncated>0</truncated>
		<difficult>0</difficult>
		<bndbox>
			<xmin>2583</xmin>
			<ymin>1897</ymin>
			<xmax>3615</xmax>
			<ymax>2552</ymax>
		</bndbox>
	</object>
</annotation>
