<annotation>
	<folder>images</folder>
	<filename>20230401_184707.jpg</filename>
	<path>C:\Users\alexe\Downloads\setgame\images\20230401_184707.jpg</path>
	<source>
		<database>Unknown</database>
	</source>
	<size>
		<width>4000</width>
		<height>3000</height>
		<depth>3</depth>
	</size>
	<segmented>0</segmented>
	<object>
		<name>2-red-solid-squiggles</name>
		<pose>Unspecified</pose>
		<truncated>0</truncated>
		<difficult>0</difficult>
		<bndbox>
			<xmin>488</xmin>
			<ymin>478</ymin>
			<xmax>1268</xmax>
			<ymax>918</ymax>
		</bndbox>
	</object>
	<object>
		<name>3-purple-striped-diamonds</name>
		<pose>Unspecified</pose>
		<truncated>0</truncated>
		<difficult>0</difficult>
		<bndbox>
			<xmin>365</xmin>
			<ymin>1143</ymin>
			<xmax>1192</xmax>
			<ymax>1677</ymax>
		</bndbox>
	</object>
	<object>
		<name>1-green-striped-oval</name>
		<pose>Unspecified</pose>
		<truncated>0</truncated>
		<difficult>0</difficult>
		<bndbox>
			<xmin>318</xmin>
			<ymin>1962</ymin>
			<xmax>1182</xmax>
			<ymax>2566</ymax>
		</bndbox>
	</object>
	<object>
		<name>3-red-empty-ovals</name>
		<pose>Unspecified</pose>
		<truncated>0</truncated>
		<difficult>0</difficult>
		<bndbox>
			<xmin>1408</xmin>
			<ymin>420</ymin>
			<xmax>2204</xmax>
			<ymax>859</ymax>
		</bndbox>
	</object>
	<object>
		<name>3-purple-solid-diamonds</name>
		<pose>Unspecified</pose>
		<truncated>0</truncated>
		<difficult>0</difficult>
		<bndbox>
			<xmin>1347</xmin>
			<ymin>1116</ymin>
			<xmax>2208</xmax>
			<ymax>1636</ymax>
		</bndbox>
	</object>
	<object>
		<name>2-purple-solid-squiggles</name>
		<pose>Unspecified</pose>
		<truncated>0</truncated>
		<difficult>0</difficult>
		<bndbox>
			<xmin>1358</xmin>
			<ymin>1869</ymin>
			<xmax>2261</xmax>
			<ymax>2478</ymax>
		</bndbox>
	</object>
	<object>
		<name>3-green-solid-ovals</name>
		<pose>Unspecified</pose>
		<truncated>0</truncated>
		<difficult>0</difficult>
		<bndbox>
			<xmin>2388</xmin>
			<ymin>385</ymin>
			<xmax>3240</xmax>
			<ymax>826</ymax>
		</bndbox>
	</object>
	<object>
		<name>1-green-empty-oval</name>
		<pose>Unspecified</pose>
		<truncated>0</truncated>
		<difficult>0</difficult>
		<bndbox>
			<xmin>2511</xmin>
			<ymin>1034</ymin>
			<xmax>3383</xmax>
			<ymax>1563</ymax>
		</bndbox>
	</object>
	<object>
		<name>2-green-striped-ovals</name>
		<pose>Unspecified</pose>
		<truncated>0</truncated>
		<difficult>0</difficult>
		<bndbox>
			<xmin>2515</xmin>
			<ymin>1840</ymin>
			<xmax>3543</xmax>
			<ymax>2488</ymax>
		</bndbox>
	</object>
</annotation>
