<annotation>
	<folder>images</folder>
	<filename>20230401_185813.jpg</filename>
	<path>C:\Users\alexe\Downloads\setgame\images\20230401_185813.jpg</path>
	<source>
		<database>Unknown</database>
	</source>
	<size>
		<width>4000</width>
		<height>3000</height>
		<depth>3</depth>
	</size>
	<segmented>0</segmented>
	<object>
		<name>1-red-solid-squiggle</name>
		<pose>Unspecified</pose>
		<truncated>0</truncated>
		<difficult>0</difficult>
		<bndbox>
			<xmin>179</xmin>
			<ymin>798</ymin>
			<xmax>1193</xmax>
			<ymax>1477</ymax>
		</bndbox>
	</object>
	<object>
		<name>1-green-solid-squiggle</name>
		<pose>Unspecified</pose>
		<truncated>0</truncated>
		<difficult>0</difficult>
		<bndbox>
			<xmin>301</xmin>
			<ymin>1660</ymin>
			<xmax>1247</xmax>
			<ymax>2256</ymax>
		</bndbox>
	</object>
	<object>
		<name>3-red-striped-ovals</name>
		<pose>Unspecified</pose>
		<truncated>0</truncated>
		<difficult>0</difficult>
		<bndbox>
			<xmin>451</xmin>
			<ymin>2409</ymin>
			<xmax>1343</xmax>
			<ymax>2923</ymax>
		</bndbox>
	</object>
	<object>
		<name>3-red-solid-ovals</name>
		<pose>Unspecified</pose>
		<truncated>0</truncated>
		<difficult>0</difficult>
		<bndbox>
			<xmin>1513</xmin>
			<ymin>830</ymin>
			<xmax>2549</xmax>
			<ymax>1527</ymax>
		</bndbox>
	</object>
	<object>
		<name>1-purple-striped-squiggle</name>
		<pose>Unspecified</pose>
		<truncated>0</truncated>
		<difficult>0</difficult>
		<bndbox>
			<xmin>1547</xmin>
			<ymin>1720</ymin>
			<xmax>2483</xmax>
			<ymax>2312</ymax>
		</bndbox>
	</object>
	<object>
		<name>2-red-empty-ovals</name>
		<pose>Unspecified</pose>
		<truncated>0</truncated>
		<difficult>0</difficult>
		<bndbox>
			<xmin>1523</xmin>
			<ymin>2452</ymin>
			<xmax>2365</xmax>
			<ymax>2943</ymax>
		</bndbox>
	</object>
	<object>
		<name>2-red-empty-squiggles</name>
		<pose>Unspecified</pose>
		<truncated>0</truncated>
		<difficult>0</difficult>
		<bndbox>
			<xmin>2898</xmin>
			<ymin>856</ymin>
			<xmax>3990</xmax>
			<ymax>1590</ymax>
		</bndbox>
	</object>
	<object>
		<name>2-purple-solid-ovals</name>
		<pose>Unspecified</pose>
		<truncated>0</truncated>
		<difficult>0</difficult>
		<bndbox>
			<xmin>2783</xmin>
			<ymin>1727</ymin>
			<xmax>3770</xmax>
			<ymax>2359</ymax>
		</bndbox>
	</object>
	<object>
		<name>2-purple-empty-squiggles</name>
		<pose>Unspecified</pose>
		<truncated>0</truncated>
		<difficult>0</difficult>
		<bndbox>
			<xmin>2716</xmin>
			<ymin>2515</ymin>
			<xmax>3672</xmax>
			<ymax>2997</ymax>
		</bndbox>
	</object>
</annotation>
