<annotation>
	<folder>images</folder>
	<filename>20230401_184518.jpg</filename>
	<path>C:\Users\alexe\Downloads\setgame\images\20230401_184518.jpg</path>
	<source>
		<database>Unknown</database>
	</source>
	<size>
		<width>4000</width>
		<height>3000</height>
		<depth>3</depth>
	</size>
	<segmented>0</segmented>
	<object>
		<name>1-red-empty-oval</name>
		<pose>Unspecified</pose>
		<truncated>0</truncated>
		<difficult>0</difficult>
		<bndbox>
			<xmin>586</xmin>
			<ymin>541</ymin>
			<xmax>1320</xmax>
			<ymax>995</ymax>
		</bndbox>
	</object>
	<object>
		<name>3-red-striped-squiggles</name>
		<pose>Unspecified</pose>
		<truncated>0</truncated>
		<difficult>0</difficult>
		<bndbox>
			<xmin>583</xmin>
			<ymin>1152</ymin>
			<xmax>1363</xmax>
			<ymax>1734</ymax>
		</bndbox>
	</object>
	<object>
		<name>1-red-empty-diamond</name>
		<pose>Unspecified</pose>
		<truncated>0</truncated>
		<difficult>0</difficult>
		<bndbox>
			<xmin>430</xmin>
			<ymin>1951</ymin>
			<xmax>1259</xmax>
			<ymax>2561</ymax>
		</bndbox>
	</object>
	<object>
		<name>3-purple-empty-diamonds</name>
		<pose>Unspecified</pose>
		<truncated>0</truncated>
		<difficult>0</difficult>
		<bndbox>
			<xmin>1467</xmin>
			<ymin>431</ymin>
			<xmax>2252</xmax>
			<ymax>915</ymax>
		</bndbox>
	</object>
	<object>
		<name>1-red-striped-diamond</name>
		<pose>Unspecified</pose>
		<truncated>0</truncated>
		<difficult>0</difficult>
		<bndbox>
			<xmin>1442</xmin>
			<ymin>1146</ymin>
			<xmax>2281</xmax>
			<ymax>1693</ymax>
		</bndbox>
	</object>
	<object>
		<name>3-green-solid-squiggles</name>
		<pose>Unspecified</pose>
		<truncated>0</truncated>
		<difficult>0</difficult>
		<bndbox>
			<xmin>1402</xmin>
			<ymin>1935</ymin>
			<xmax>2277</xmax>
			<ymax>2527</ymax>
		</bndbox>
	</object>
	<object>
		<name>2-red-solid-squiggles</name>
		<pose>Unspecified</pose>
		<truncated>0</truncated>
		<difficult>0</difficult>
		<bndbox>
			<xmin>2386</xmin>
			<ymin>378</ymin>
			<xmax>3236</xmax>
			<ymax>865</ymax>
		</bndbox>
	</object>
	<object>
		<name>3-purple-striped-diamonds</name>
		<pose>Unspecified</pose>
		<truncated>0</truncated>
		<difficult>0</difficult>
		<bndbox>
			<xmin>2372</xmin>
			<ymin>1150</ymin>
			<xmax>3286</xmax>
			<ymax>1709</ymax>
		</bndbox>
	</object>
	<object>
		<name>1-green-striped-oval</name>
		<pose>Unspecified</pose>
		<truncated>0</truncated>
		<difficult>0</difficult>
		<bndbox>
			<xmin>2427</xmin>
			<ymin>1973</ymin>
			<xmax>3507</xmax>
			<ymax>2672</ymax>
		</bndbox>
	</object>
</annotation>
