<annotation>
	<folder>images</folder>
	<filename>20230401_185359.jpg</filename>
	<path>C:\Users\alexe\Downloads\setgame\images\20230401_185359.jpg</path>
	<source>
		<database>Unknown</database>
	</source>
	<size>
		<width>4000</width>
		<height>3000</height>
		<depth>3</depth>
	</size>
	<segmented>0</segmented>
	<object>
		<name>1-purple-striped-oval</name>
		<pose>Unspecified</pose>
		<truncated>0</truncated>
		<difficult>0</difficult>
		<bndbox>
			<xmin>277</xmin>
			<ymin>913</ymin>
			<xmax>1004</xmax>
			<ymax>1401</ymax>
		</bndbox>
	</object>
	<object>
		<name>2-green-empty-ovals</name>
		<pose>Unspecified</pose>
		<truncated>0</truncated>
		<difficult>0</difficult>
		<bndbox>
			<xmin>304</xmin>
			<ymin>1586</ymin>
			<xmax>1043</xmax>
			<ymax>2070</ymax>
		</bndbox>
	</object>
	<object>
		<name>1-green-solid-oval</name>
		<pose>Unspecified</pose>
		<truncated>0</truncated>
		<difficult>0</difficult>
		<bndbox>
			<xmin>308</xmin>
			<ymin>2279</ymin>
			<xmax>1047</xmax>
			<ymax>2764</ymax>
		</bndbox>
	</object>
	<object>
		<name>3-green-striped-squiggles</name>
		<pose>Unspecified</pose>
		<truncated>0</truncated>
		<difficult>0</difficult>
		<bndbox>
			<xmin>1247</xmin>
			<ymin>947</ymin>
			<xmax>1990</xmax>
			<ymax>1458</ymax>
		</bndbox>
	</object>
	<object>
		<name>2-purple-striped-squiggles</name>
		<pose>Unspecified</pose>
		<truncated>0</truncated>
		<difficult>0</difficult>
		<bndbox>
			<xmin>1199</xmin>
			<ymin>1586</ymin>
			<xmax>1949</xmax>
			<ymax>2070</ymax>
		</bndbox>
	</object>
	<object>
		<name>3-green-striped-ovals</name>
		<pose>Unspecified</pose>
		<truncated>0</truncated>
		<difficult>0</difficult>
		<bndbox>
			<xmin>1210</xmin>
			<ymin>2263</ymin>
			<xmax>1954</xmax>
			<ymax>2766</ymax>
		</bndbox>
	</object>
	<object>
		<name>3-purple-solid-squiggles</name>
		<pose>Unspecified</pose>
		<truncated>0</truncated>
		<difficult>0</difficult>
		<bndbox>
			<xmin>2156</xmin>
			<ymin>952</ymin>
			<xmax>2922</xmax>
			<ymax>1486</ymax>
		</bndbox>
	</object>
	<object>
		<name>1-purple-empty-squiggle</name>
		<pose>Unspecified</pose>
		<truncated>0</truncated>
		<difficult>0</difficult>
		<bndbox>
			<xmin>2155</xmin>
			<ymin>1606</ymin>
			<xmax>2929</xmax>
			<ymax>2113</ymax>
		</bndbox>
	</object>
	<object>
		<name>3-purple-solid-ovals</name>
		<pose>Unspecified</pose>
		<truncated>0</truncated>
		<difficult>0</difficult>
		<bndbox>
			<xmin>2168</xmin>
			<ymin>2265</ymin>
			<xmax>2952</xmax>
			<ymax>2747</ymax>
		</bndbox>
	</object>
	<object>
		<name>1-red-striped-oval</name>
		<pose>Unspecified</pose>
		<truncated>0</truncated>
		<difficult>0</difficult>
		<bndbox>
			<xmin>3158</xmin>
			<ymin>927</ymin>
			<xmax>3949</xmax>
			<ymax>1456</ymax>
		</bndbox>
	</object>
	<object>
		<name>3-purple-striped-ovals</name>
		<pose>Unspecified</pose>
		<truncated>0</truncated>
		<difficult>0</difficult>
		<bndbox>
			<xmin>3186</xmin>
			<ymin>1636</ymin>
			<xmax>3972</xmax>
			<ymax>2125</ymax>
		</bndbox>
	</object>
	<object>
		<name>3-purple-empty-ovals</name>
		<pose>Unspecified</pose>
		<truncated>0</truncated>
		<difficult>0</difficult>
		<bndbox>
			<xmin>3163</xmin>
			<ymin>2275</ymin>
			<xmax>3927</xmax>
			<ymax>2788</ymax>
		</bndbox>
	</object>
</annotation>
