<annotation>
	<folder>images</folder>
	<filename>20230401_185352.jpg</filename>
	<path>C:\Users\alexe\Downloads\setgame\images\20230401_185352.jpg</path>
	<source>
		<database>Unknown</database>
	</source>
	<size>
		<width>4000</width>
		<height>3000</height>
		<depth>3</depth>
	</size>
	<segmented>0</segmented>
	<object>
		<name>1-purple-striped-oval</name>
		<pose>Unspecified</pose>
		<truncated>0</truncated>
		<difficult>0</difficult>
		<bndbox>
			<xmin>449</xmin>
			<ymin>437</ymin>
			<xmax>1249</xmax>
			<ymax>936</ymax>
		</bndbox>
	</object>
	<object>
		<name>2-green-empty-ovals</name>
		<pose>Unspecified</pose>
		<truncated>0</truncated>
		<difficult>0</difficult>
		<bndbox>
			<xmin>394</xmin>
			<ymin>1143</ymin>
			<xmax>1204</xmax>
			<ymax>1702</ymax>
		</bndbox>
	</object>
	<object>
		<name>1-green-solid-oval</name>
		<pose>Unspecified</pose>
		<truncated>0</truncated>
		<difficult>0</difficult>
		<bndbox>
			<xmin>244</xmin>
			<ymin>1967</ymin>
			<xmax>1136</xmax>
			<ymax>2611</ymax>
		</bndbox>
	</object>
	<object>
		<name>3-green-striped-squiggles</name>
		<pose>Unspecified</pose>
		<truncated>0</truncated>
		<difficult>0</difficult>
		<bndbox>
			<xmin>1524</xmin>
			<ymin>476</ymin>
			<xmax>2386</xmax>
			<ymax>975</ymax>
		</bndbox>
	</object>
	<object>
		<name>2-purple-striped-squiggles</name>
		<pose>Unspecified</pose>
		<truncated>0</truncated>
		<difficult>0</difficult>
		<bndbox>
			<xmin>1442</xmin>
			<ymin>1139</ymin>
			<xmax>2340</xmax>
			<ymax>1741</ymax>
		</bndbox>
	</object>
	<object>
		<name>3-green-striped-ovals</name>
		<pose>Unspecified</pose>
		<truncated>0</truncated>
		<difficult>0</difficult>
		<bndbox>
			<xmin>1374</xmin>
			<ymin>1977</ymin>
			<xmax>2370</xmax>
			<ymax>2618</ymax>
		</bndbox>
	</object>
	<object>
		<name>3-purple-solid-squiggles</name>
		<pose>Unspecified</pose>
		<truncated>0</truncated>
		<difficult>0</difficult>
		<bndbox>
			<xmin>2588</xmin>
			<ymin>468</ymin>
			<xmax>3549</xmax>
			<ymax>979</ymax>
		</bndbox>
	</object>
	<object>
		<name>1-purple-empty-squiggle</name>
		<pose>Unspecified</pose>
		<truncated>0</truncated>
		<difficult>0</difficult>
		<bndbox>
			<xmin>2598</xmin>
			<ymin>1167</ymin>
			<xmax>3633</xmax>
			<ymax>1779</ymax>
		</bndbox>
	</object>
	<object>
		<name>3-purple-solid-ovals</name>
		<pose>Unspecified</pose>
		<truncated>0</truncated>
		<difficult>0</difficult>
		<bndbox>
			<xmin>2662</xmin>
			<ymin>1961</ymin>
			<xmax>3754</xmax>
			<ymax>2652</ymax>
		</bndbox>
	</object>
</annotation>
