<annotation>
	<folder>images</folder>
	<filename>20230401_183128.jpg</filename>
	<path>C:\Users\alexe\Downloads\setgame\images\20230401_183128.jpg</path>
	<source>
		<database>Unknown</database>
	</source>
	<size>
		<width>4000</width>
		<height>3000</height>
		<depth>3</depth>
	</size>
	<segmented>0</segmented>
	<object>
		<name>3-green-solid-diamonds</name>
		<pose>Unspecified</pose>
		<truncated>0</truncated>
		<difficult>0</difficult>
		<bndbox>
			<xmin>52</xmin>
			<ymin>834</ymin>
			<xmax>627</xmax>
			<ymax>1277</ymax>
		</bndbox>
	</object>
	<object>
		<name>1-purple-empty-oval</name>
		<pose>Unspecified</pose>
		<truncated>0</truncated>
		<difficult>0</difficult>
		<bndbox>
			<xmin>724</xmin>
			<ymin>861</ymin>
			<xmax>1418</xmax>
			<ymax>1356</ymax>
		</bndbox>
	</object>
	<object>
		<name>3-green-empty-diamonds</name>
		<pose>Unspecified</pose>
		<truncated>0</truncated>
		<difficult>0</difficult>
		<bndbox>
			<xmin>1527</xmin>
			<ymin>904</ymin>
			<xmax>2304</xmax>
			<ymax>1440</ymax>
		</bndbox>
	</object>
	<object>
		<name>2-red-striped-diamonds</name>
		<pose>Unspecified</pose>
		<truncated>0</truncated>
		<difficult>0</difficult>
		<bndbox>
			<xmin>2543</xmin>
			<ymin>981</ymin>
			<xmax>3358</xmax>
			<ymax>1522</ymax>
		</bndbox>
	</object>
	<object>
		<name>2-red-empty-diamonds</name>
		<pose>Unspecified</pose>
		<truncated>0</truncated>
		<difficult>0</difficult>
		<bndbox>
			<xmin>49</xmin>
			<ymin>1529</ymin>
			<xmax>595</xmax>
			<ymax>1981</ymax>
		</bndbox>
	</object>
	<object>
		<name>2-purple-striped-diamonds</name>
		<pose>Unspecified</pose>
		<truncated>0</truncated>
		<difficult>0</difficult>
		<bndbox>
			<xmin>708</xmin>
			<ymin>1597</ymin>
			<xmax>1365</xmax>
			<ymax>2056</ymax>
		</bndbox>
	</object>
	<object>
		<name>3-green-empty-squiggles</name>
		<pose>Unspecified</pose>
		<truncated>0</truncated>
		<difficult>0</difficult>
		<bndbox>
			<xmin>1511</xmin>
			<ymin>1681</ymin>
			<xmax>2220</xmax>
			<ymax>2175</ymax>
		</bndbox>
	</object>
	<object>
		<name>3-green-striped-diamonds</name>
		<pose>Unspecified</pose>
		<truncated>0</truncated>
		<difficult>0</difficult>
		<bndbox>
			<xmin>2531</xmin>
			<ymin>1706</ymin>
			<xmax>3331</xmax>
			<ymax>2238</ymax>
		</bndbox>
	</object>
	<object>
		<name>2-purple-empty-ovals</name>
		<pose>Unspecified</pose>
		<truncated>0</truncated>
		<difficult>0</difficult>
		<bndbox>
			<xmin>190</xmin>
			<ymin>2206</ymin>
			<xmax>745</xmax>
			<ymax>2604</ymax>
		</bndbox>
	</object>
	<object>
		<name>2-purple-empty-diamonds</name>
		<pose>Unspecified</pose>
		<truncated>0</truncated>
		<difficult>0</difficult>
		<bndbox>
			<xmin>836</xmin>
			<ymin>2277</ymin>
			<xmax>1461</xmax>
			<ymax>2690</ymax>
		</bndbox>
	</object>
	<object>
		<name>2-purple-solid-diamonds</name>
		<pose>Unspecified</pose>
		<truncated>0</truncated>
		<difficult>0</difficult>
		<bndbox>
			<xmin>1613</xmin>
			<ymin>2359</ymin>
			<xmax>2313</xmax>
			<ymax>2825</ymax>
		</bndbox>
	</object>
	<object>
		<name>1-red-solid-oval</name>
		<pose>Unspecified</pose>
		<truncated>0</truncated>
		<difficult>0</difficult>
		<bndbox>
			<xmin>2533</xmin>
			<ymin>2443</ymin>
			<xmax>3272</xmax>
			<ymax>2959</ymax>
		</bndbox>
	</object>
</annotation>
