<annotation>
	<folder>images</folder>
	<filename>20230401_184146.jpg</filename>
	<path>C:\Users\alexe\Downloads\setgame\images\20230401_184146.jpg</path>
	<source>
		<database>Unknown</database>
	</source>
	<size>
		<width>4000</width>
		<height>3000</height>
		<depth>3</depth>
	</size>
	<segmented>0</segmented>
	<object>
		<name>1-purple-solid-oval</name>
		<pose>Unspecified</pose>
		<truncated>0</truncated>
		<difficult>0</difficult>
		<bndbox>
			<xmin>368</xmin>
			<ymin>572</ymin>
			<xmax>1188</xmax>
			<ymax>1184</ymax>
		</bndbox>
	</object>
	<object>
		<name>1-purple-solid-diamond</name>
		<pose>Unspecified</pose>
		<truncated>0</truncated>
		<difficult>0</difficult>
		<bndbox>
			<xmin>1352</xmin>
			<ymin>590</ymin>
			<xmax>2322</xmax>
			<ymax>1238</ymax>
		</bndbox>
	</object>
	<object>
		<name>2-green-striped-squiggles</name>
		<pose>Unspecified</pose>
		<truncated>0</truncated>
		<difficult>0</difficult>
		<bndbox>
			<xmin>2531</xmin>
			<ymin>556</ymin>
			<xmax>3656</xmax>
			<ymax>1256</ymax>
		</bndbox>
	</object>
	<object>
		<name>3-red-empty-diamonds</name>
		<pose>Unspecified</pose>
		<truncated>0</truncated>
		<difficult>0</difficult>
		<bndbox>
			<xmin>538</xmin>
			<ymin>1440</ymin>
			<xmax>1318</xmax>
			<ymax>1936</ymax>
		</bndbox>
	</object>
	<object>
		<name>2-red-solid-diamonds</name>
		<pose>Unspecified</pose>
		<truncated>0</truncated>
		<difficult>0</difficult>
		<bndbox>
			<xmin>1461</xmin>
			<ymin>1502</ymin>
			<xmax>2358</xmax>
			<ymax>2050</ymax>
		</bndbox>
	</object>
	<object>
		<name>2-green-empty-squiggles</name>
		<pose>Unspecified</pose>
		<truncated>0</truncated>
		<difficult>0</difficult>
		<bndbox>
			<xmin>2522</xmin>
			<ymin>1511</ymin>
			<xmax>3556</xmax>
			<ymax>2138</ymax>
		</bndbox>
	</object>
	<object>
		<name>1-red-striped-squiggle</name>
		<pose>Unspecified</pose>
		<truncated>0</truncated>
		<difficult>0</difficult>
		<bndbox>
			<xmin>683</xmin>
			<ymin>2120</ymin>
			<xmax>1377</xmax>
			<ymax>2565</ymax>
		</bndbox>
	</object>
	<object>
		<name>1-red-empty-squiggle</name>
		<pose>Unspecified</pose>
		<truncated>0</truncated>
		<difficult>0</difficult>
		<bndbox>
			<xmin>1540</xmin>
			<ymin>2231</ymin>
			<xmax>2338</xmax>
			<ymax>2709</ymax>
		</bndbox>
	</object>
	<object>
		<name>3-red-striped-diamonds</name>
		<pose>Unspecified</pose>
		<truncated>0</truncated>
		<difficult>0</difficult>
		<bndbox>
			<xmin>2502</xmin>
			<ymin>2295</ymin>
			<xmax>3433</xmax>
			<ymax>2815</ymax>
		</bndbox>
	</object>
</annotation>
