<annotation>
	<folder>images</folder>
	<filename>20230401_184803.jpg</filename>
	<path>C:\Users\alexe\Downloads\setgame\images\20230401_184803.jpg</path>
	<source>
		<database>Unknown</database>
	</source>
	<size>
		<width>4000</width>
		<height>3000</height>
		<depth>3</depth>
	</size>
	<segmented>0</segmented>
	<object>
		<name>3-red-empty-ovals</name>
		<pose>Unspecified</pose>
		<truncated>0</truncated>
		<difficult>0</difficult>
		<bndbox>
			<xmin>495</xmin>
			<ymin>879</ymin>
			<xmax>1090</xmax>
			<ymax>1286</ymax>
		</bndbox>
	</object>
	<object>
		<name>3-purple-solid-diamonds</name>
		<pose>Unspecified</pose>
		<truncated>0</truncated>
		<difficult>0</difficult>
		<bndbox>
			<xmin>531</xmin>
			<ymin>1495</ymin>
			<xmax>1114</xmax>
			<ymax>1902</ymax>
		</bndbox>
	</object>
	<object>
		<name>2-purple-solid-squiggles</name>
		<pose>Unspecified</pose>
		<truncated>0</truncated>
		<difficult>0</difficult>
		<bndbox>
			<xmin>561</xmin>
			<ymin>2065</ymin>
			<xmax>1165</xmax>
			<ymax>2475</ymax>
		</bndbox>
	</object>
	<object>
		<name>3-green-solid-ovals</name>
		<pose>Unspecified</pose>
		<truncated>0</truncated>
		<difficult>0</difficult>
		<bndbox>
			<xmin>1236</xmin>
			<ymin>860</ymin>
			<xmax>1879</xmax>
			<ymax>1295</ymax>
		</bndbox>
	</object>
	<object>
		<name>1-green-empty-oval</name>
		<pose>Unspecified</pose>
		<truncated>0</truncated>
		<difficult>0</difficult>
		<bndbox>
			<xmin>1272</xmin>
			<ymin>1457</ymin>
			<xmax>1910</xmax>
			<ymax>1870</ymax>
		</bndbox>
	</object>
	<object>
		<name>2-green-striped-ovals</name>
		<pose>Unspecified</pose>
		<truncated>0</truncated>
		<difficult>0</difficult>
		<bndbox>
			<xmin>1295</xmin>
			<ymin>2055</ymin>
			<xmax>1935</xmax>
			<ymax>2490</ymax>
		</bndbox>
	</object>
	<object>
		<name>1-purple-striped-oval</name>
		<pose>Unspecified</pose>
		<truncated>0</truncated>
		<difficult>0</difficult>
		<bndbox>
			<xmin>2017</xmin>
			<ymin>831</ymin>
			<xmax>2727</xmax>
			<ymax>1284</ymax>
		</bndbox>
	</object>
	<object>
		<name>2-green-empty-ovals</name>
		<pose>Unspecified</pose>
		<truncated>0</truncated>
		<difficult>0</difficult>
		<bndbox>
			<xmin>2055</xmin>
			<ymin>1443</ymin>
			<xmax>2745</xmax>
			<ymax>1893</ymax>
		</bndbox>
	</object>
	<object>
		<name>1-green-solid-oval</name>
		<pose>Unspecified</pose>
		<truncated>0</truncated>
		<difficult>0</difficult>
		<bndbox>
			<xmin>2056</xmin>
			<ymin>2084</ymin>
			<xmax>2749</xmax>
			<ymax>2529</ymax>
		</bndbox>
	</object>
	<object>
		<name>3-green-striped-squiggles</name>
		<pose>Unspecified</pose>
		<truncated>0</truncated>
		<difficult>0</difficult>
		<bndbox>
			<xmin>2938</xmin>
			<ymin>840</ymin>
			<xmax>3697</xmax>
			<ymax>1320</ymax>
		</bndbox>
	</object>
	<object>
		<name>2-purple-striped-squiggles</name>
		<pose>Unspecified</pose>
		<truncated>0</truncated>
		<difficult>0</difficult>
		<bndbox>
			<xmin>2890</xmin>
			<ymin>1447</ymin>
			<xmax>3643</xmax>
			<ymax>1927</ymax>
		</bndbox>
	</object>
	<object>
		<name>3-green-striped-ovals</name>
		<pose>Unspecified</pose>
		<truncated>0</truncated>
		<difficult>0</difficult>
		<bndbox>
			<xmin>2893</xmin>
			<ymin>2106</ymin>
			<xmax>3670</xmax>
			<ymax>2570</ymax>
		</bndbox>
	</object>
</annotation>
