<annotation>
	<folder>images</folder>
	<filename>20230401_184537.jpg</filename>
	<path>C:\Users\alexe\Downloads\setgame\images\20230401_184537.jpg</path>
	<source>
		<database>Unknown</database>
	</source>
	<size>
		<width>4000</width>
		<height>3000</height>
		<depth>3</depth>
	</size>
	<segmented>0</segmented>
	<object>
		<name>1-red-empty-oval</name>
		<pose>Unspecified</pose>
		<truncated>0</truncated>
		<difficult>0</difficult>
		<bndbox>
			<xmin>368</xmin>
			<ymin>991</ymin>
			<xmax>989</xmax>
			<ymax>1374</ymax>
		</bndbox>
	</object>
	<object>
		<name>3-red-striped-squiggles</name>
		<pose>Unspecified</pose>
		<truncated>0</truncated>
		<difficult>0</difficult>
		<bndbox>
			<xmin>358</xmin>
			<ymin>1561</ymin>
			<xmax>1006</xmax>
			<ymax>2012</ymax>
		</bndbox>
	</object>
	<object>
		<name>1-red-empty-diamond</name>
		<pose>Unspecified</pose>
		<truncated>0</truncated>
		<difficult>0</difficult>
		<bndbox>
			<xmin>174</xmin>
			<ymin>2235</ymin>
			<xmax>902</xmax>
			<ymax>2757</ymax>
		</bndbox>
	</object>
	<object>
		<name>3-purple-empty-diamonds</name>
		<pose>Unspecified</pose>
		<truncated>0</truncated>
		<difficult>0</difficult>
		<bndbox>
			<xmin>1145</xmin>
			<ymin>886</ymin>
			<xmax>1781</xmax>
			<ymax>1282</ymax>
		</bndbox>
	</object>
	<object>
		<name>1-red-striped-diamond</name>
		<pose>Unspecified</pose>
		<truncated>0</truncated>
		<difficult>0</difficult>
		<bndbox>
			<xmin>1092</xmin>
			<ymin>1498</ymin>
			<xmax>1804</xmax>
			<ymax>1940</ymax>
		</bndbox>
	</object>
	<object>
		<name>3-green-solid-squiggles</name>
		<pose>Unspecified</pose>
		<truncated>0</truncated>
		<difficult>0</difficult>
		<bndbox>
			<xmin>1061</xmin>
			<ymin>2179</ymin>
			<xmax>1827</xmax>
			<ymax>2690</ymax>
		</bndbox>
	</object>
	<object>
		<name>2-red-solid-squiggles</name>
		<pose>Unspecified</pose>
		<truncated>0</truncated>
		<difficult>0</difficult>
		<bndbox>
			<xmin>1883</xmin>
			<ymin>829</ymin>
			<xmax>2602</xmax>
			<ymax>1216</ymax>
		</bndbox>
	</object>
	<object>
		<name>3-purple-striped-diamonds</name>
		<pose>Unspecified</pose>
		<truncated>0</truncated>
		<difficult>0</difficult>
		<bndbox>
			<xmin>1888</xmin>
			<ymin>1468</ymin>
			<xmax>2697</xmax>
			<ymax>1936</ymax>
		</bndbox>
	</object>
	<object>
		<name>1-green-striped-oval</name>
		<pose>Unspecified</pose>
		<truncated>0</truncated>
		<difficult>0</difficult>
		<bndbox>
			<xmin>1963</xmin>
			<ymin>2130</ymin>
			<xmax>2831</xmax>
			<ymax>2722</ymax>
		</bndbox>
	</object>
	<object>
		<name>3-red-empty-ovals</name>
		<pose>Unspecified</pose>
		<truncated>0</truncated>
		<difficult>0</difficult>
		<bndbox>
			<xmin>2722</xmin>
			<ymin>777</ymin>
			<xmax>3474</xmax>
			<ymax>1172</ymax>
		</bndbox>
	</object>
	<object>
		<name>3-purple-solid-diamonds</name>
		<pose>Unspecified</pose>
		<truncated>0</truncated>
		<difficult>0</difficult>
		<bndbox>
			<xmin>2790</xmin>
			<ymin>1420</ymin>
			<xmax>3618</xmax>
			<ymax>1888</ymax>
		</bndbox>
	</object>
	<object>
		<name>2-purple-solid-squiggles</name>
		<pose>Unspecified</pose>
		<truncated>0</truncated>
		<difficult>0</difficult>
		<bndbox>
			<xmin>2910</xmin>
			<ymin>2082</ymin>
			<xmax>3831</xmax>
			<ymax>2647</ymax>
		</bndbox>
	</object>
</annotation>
