<annotation>
	<folder>images</folder>
	<filename>20230401_184534.jpg</filename>
	<path>C:\Users\alexe\Downloads\setgame\images\20230401_184534.jpg</path>
	<source>
		<database>Unknown</database>
	</source>
	<size>
		<width>4000</width>
		<height>3000</height>
		<depth>3</depth>
	</size>
	<segmented>0</segmented>
	<object>
		<name>1-red-empty-oval</name>
		<pose>Unspecified</pose>
		<truncated>0</truncated>
		<difficult>0</difficult>
		<bndbox>
			<xmin>102</xmin>
			<ymin>833</ymin>
			<xmax>879</xmax>
			<ymax>1376</ymax>
		</bndbox>
	</object>
	<object>
		<name>3-red-striped-squiggles</name>
		<pose>Unspecified</pose>
		<truncated>0</truncated>
		<difficult>0</difficult>
		<bndbox>
			<xmin>158</xmin>
			<ymin>1538</ymin>
			<xmax>920</xmax>
			<ymax>2041</ymax>
		</bndbox>
	</object>
	<object>
		<name>1-red-empty-diamond</name>
		<pose>Unspecified</pose>
		<truncated>0</truncated>
		<difficult>0</difficult>
		<bndbox>
			<xmin>169</xmin>
			<ymin>2324</ymin>
			<xmax>888</xmax>
			<ymax>2797</ymax>
		</bndbox>
	</object>
	<object>
		<name>3-purple-empty-diamonds</name>
		<pose>Unspecified</pose>
		<truncated>0</truncated>
		<difficult>0</difficult>
		<bndbox>
			<xmin>957</xmin>
			<ymin>720</ymin>
			<xmax>1770</xmax>
			<ymax>1295</ymax>
		</bndbox>
	</object>
	<object>
		<name>1-red-striped-diamond</name>
		<pose>Unspecified</pose>
		<truncated>0</truncated>
		<difficult>0</difficult>
		<bndbox>
			<xmin>1030</xmin>
			<ymin>1519</ymin>
			<xmax>1829</xmax>
			<ymax>2031</ymax>
		</bndbox>
	</object>
	<object>
		<name>3-green-solid-squiggles</name>
		<pose>Unspecified</pose>
		<truncated>0</truncated>
		<difficult>0</difficult>
		<bndbox>
			<xmin>1065</xmin>
			<ymin>2279</ymin>
			<xmax>1831</xmax>
			<ymax>2790</ymax>
		</bndbox>
	</object>
	<object>
		<name>2-red-solid-squiggles</name>
		<pose>Unspecified</pose>
		<truncated>0</truncated>
		<difficult>0</difficult>
		<bndbox>
			<xmin>1867</xmin>
			<ymin>684</ymin>
			<xmax>2715</xmax>
			<ymax>1250</ymax>
		</bndbox>
	</object>
	<object>
		<name>3-purple-striped-diamonds</name>
		<pose>Unspecified</pose>
		<truncated>0</truncated>
		<difficult>0</difficult>
		<bndbox>
			<xmin>1895</xmin>
			<ymin>1519</ymin>
			<xmax>2729</xmax>
			<ymax>2036</ymax>
		</bndbox>
	</object>
	<object>
		<name>1-green-striped-oval</name>
		<pose>Unspecified</pose>
		<truncated>0</truncated>
		<difficult>0</difficult>
		<bndbox>
			<xmin>1993</xmin>
			<ymin>2333</ymin>
			<xmax>2824</xmax>
			<ymax>2831</ymax>
		</bndbox>
	</object>
	<object>
		<name>3-red-empty-ovals</name>
		<pose>Unspecified</pose>
		<truncated>0</truncated>
		<difficult>0</difficult>
		<bndbox>
			<xmin>2883</xmin>
			<ymin>661</ymin>
			<xmax>3733</xmax>
			<ymax>1220</ymax>
		</bndbox>
	</object>
	<object>
		<name>3-purple-solid-diamonds</name>
		<pose>Unspecified</pose>
		<truncated>0</truncated>
		<difficult>0</difficult>
		<bndbox>
			<xmin>2907</xmin>
			<ymin>1511</ymin>
			<xmax>3795</xmax>
			<ymax>2052</ymax>
		</bndbox>
	</object>
	<object>
		<name>2-purple-solid-squiggles</name>
		<pose>Unspecified</pose>
		<truncated>0</truncated>
		<difficult>0</difficult>
		<bndbox>
			<xmin>2954</xmin>
			<ymin>2263</ymin>
			<xmax>3875</xmax>
			<ymax>2828</ymax>
		</bndbox>
	</object>
</annotation>
