<annotation>
	<folder>images</folder>
	<filename>20230401_184653.jpg</filename>
	<path>C:\Users\alexe\Downloads\setgame\images\20230401_184653.jpg</path>
	<source>
		<database>Unknown</database>
	</source>
	<size>
		<width>4000</width>
		<height>3000</height>
		<depth>3</depth>
	</size>
	<segmented>0</segmented>
	<object>
		<name>3-purple-empty-diamonds</name>
		<pose>Unspecified</pose>
		<truncated>0</truncated>
		<difficult>0</difficult>
		<bndbox>
			<xmin>276</xmin>
			<ymin>921</ymin>
			<xmax>1020</xmax>
			<ymax>1393</ymax>
		</bndbox>
	</object>
	<object>
		<name>1-red-striped-diamond</name>
		<pose>Unspecified</pose>
		<truncated>0</truncated>
		<difficult>0</difficult>
		<bndbox>
			<xmin>381</xmin>
			<ymin>1630</ymin>
			<xmax>1115</xmax>
			<ymax>2112</ymax>
		</bndbox>
	</object>
	<object>
		<name>3-green-solid-squiggles</name>
		<pose>Unspecified</pose>
		<truncated>0</truncated>
		<difficult>0</difficult>
		<bndbox>
			<xmin>427</xmin>
			<ymin>2303</ymin>
			<xmax>1174</xmax>
			<ymax>2747</ymax>
		</bndbox>
	</object>
	<object>
		<name>2-red-solid-squiggles</name>
		<pose>Unspecified</pose>
		<truncated>0</truncated>
		<difficult>0</difficult>
		<bndbox>
			<xmin>1115</xmin>
			<ymin>847</ymin>
			<xmax>1854</xmax>
			<ymax>1351</ymax>
		</bndbox>
	</object>
	<object>
		<name>3-purple-striped-diamonds</name>
		<pose>Unspecified</pose>
		<truncated>0</truncated>
		<difficult>0</difficult>
		<bndbox>
			<xmin>1159</xmin>
			<ymin>1608</ymin>
			<xmax>1897</xmax>
			<ymax>2068</ymax>
		</bndbox>
	</object>
	<object>
		<name>1-green-striped-oval</name>
		<pose>Unspecified</pose>
		<truncated>0</truncated>
		<difficult>0</difficult>
		<bndbox>
			<xmin>1274</xmin>
			<ymin>2310</ymin>
			<xmax>2018</xmax>
			<ymax>2768</ymax>
		</bndbox>
	</object>
	<object>
		<name>3-red-empty-ovals</name>
		<pose>Unspecified</pose>
		<truncated>0</truncated>
		<difficult>0</difficult>
		<bndbox>
			<xmin>2003</xmin>
			<ymin>834</ymin>
			<xmax>2756</xmax>
			<ymax>1329</ymax>
		</bndbox>
	</object>
	<object>
		<name>3-purple-solid-diamonds</name>
		<pose>Unspecified</pose>
		<truncated>0</truncated>
		<difficult>0</difficult>
		<bndbox>
			<xmin>2045</xmin>
			<ymin>1586</ymin>
			<xmax>2804</xmax>
			<ymax>2050</ymax>
		</bndbox>
	</object>
	<object>
		<name>2-purple-solid-squiggles</name>
		<pose>Unspecified</pose>
		<truncated>0</truncated>
		<difficult>0</difficult>
		<bndbox>
			<xmin>2104</xmin>
			<ymin>2237</ymin>
			<xmax>2863</xmax>
			<ymax>2704</ymax>
		</bndbox>
	</object>
	<object>
		<name>3-green-solid-ovals</name>
		<pose>Unspecified</pose>
		<truncated>0</truncated>
		<difficult>0</difficult>
		<bndbox>
			<xmin>2957</xmin>
			<ymin>815</ymin>
			<xmax>3777</xmax>
			<ymax>1319</ymax>
		</bndbox>
	</object>
	<object>
		<name>1-green-empty-oval</name>
		<pose>Unspecified</pose>
		<truncated>0</truncated>
		<difficult>0</difficult>
		<bndbox>
			<xmin>3014</xmin>
			<ymin>1521</ymin>
			<xmax>3787</xmax>
			<ymax>2010</ymax>
		</bndbox>
	</object>
	<object>
		<name>2-green-striped-ovals</name>
		<pose>Unspecified</pose>
		<truncated>0</truncated>
		<difficult>0</difficult>
		<bndbox>
			<xmin>3022</xmin>
			<ymin>2209</ymin>
			<xmax>3806</xmax>
			<ymax>2663</ymax>
		</bndbox>
	</object>
</annotation>
