<annotation>
	<folder>images</folder>
	<filename>20230401_185956.jpg</filename>
	<path>C:\Users\alexe\Downloads\setgame\images\20230401_185956.jpg</path>
	<source>
		<database>Unknown</database>
	</source>
	<size>
		<width>4000</width>
		<height>3000</height>
		<depth>3</depth>
	</size>
	<segmented>0</segmented>
	<object>
		<name>2-red-empty-squiggles</name>
		<pose>Unspecified</pose>
		<truncated>0</truncated>
		<difficult>0</difficult>
		<bndbox>
			<xmin>525</xmin>
			<ymin>796</ymin>
			<xmax>1370</xmax>
			<ymax>1402</ymax>
		</bndbox>
	</object>
	<object>
		<name>2-purple-solid-ovals</name>
		<pose>Unspecified</pose>
		<truncated>0</truncated>
		<difficult>0</difficult>
		<bndbox>
			<xmin>463</xmin>
			<ymin>1535</ymin>
			<xmax>1318</xmax>
			<ymax>2147</ymax>
		</bndbox>
	</object>
	<object>
		<name>2-purple-empty-squiggles</name>
		<pose>Unspecified</pose>
		<truncated>0</truncated>
		<difficult>0</difficult>
		<bndbox>
			<xmin>455</xmin>
			<ymin>2310</ymin>
			<xmax>1324</xmax>
			<ymax>2893</ymax>
		</bndbox>
	</object>
	<object>
		<name>2-red-striped-squiggles</name>
		<pose>Unspecified</pose>
		<truncated>0</truncated>
		<difficult>0</difficult>
		<bndbox>
			<xmin>1747</xmin>
			<ymin>736</ymin>
			<xmax>2638</xmax>
			<ymax>1356</ymax>
		</bndbox>
	</object>
	<object>
		<name>1-red-solid-diamond</name>
		<pose>Unspecified</pose>
		<truncated>0</truncated>
		<difficult>0</difficult>
		<bndbox>
			<xmin>1639</xmin>
			<ymin>1577</ymin>
			<xmax>2536</xmax>
			<ymax>2143</ymax>
		</bndbox>
	</object>
	<object>
		<name>1-purple-striped-diamond</name>
		<pose>Unspecified</pose>
		<truncated>0</truncated>
		<difficult>0</difficult>
		<bndbox>
			<xmin>1570</xmin>
			<ymin>2287</ymin>
			<xmax>2445</xmax>
			<ymax>2879</ymax>
		</bndbox>
	</object>
	<object>
		<name>2-red-striped-ovals</name>
		<pose>Unspecified</pose>
		<truncated>0</truncated>
		<difficult>0</difficult>
		<bndbox>
			<xmin>2890</xmin>
			<ymin>752</ymin>
			<xmax>3815</xmax>
			<ymax>1331</ymax>
		</bndbox>
	</object>
	<object>
		<name>3-green-empty-ovals</name>
		<pose>Unspecified</pose>
		<truncated>0</truncated>
		<difficult>0</difficult>
		<bndbox>
			<xmin>2831</xmin>
			<ymin>1609</ymin>
			<xmax>3758</xmax>
			<ymax>2190</ymax>
		</bndbox>
	</object>
	<object>
		<name>3-red-solid-squiggles</name>
		<pose>Unspecified</pose>
		<truncated>0</truncated>
		<difficult>0</difficult>
		<bndbox>
			<xmin>2787</xmin>
			<ymin>2310</ymin>
			<xmax>3690</xmax>
			<ymax>2927</ymax>
		</bndbox>
	</object>
</annotation>
