<annotation>
	<folder>images</folder>
	<filename>20230401_184721.jpg</filename>
	<path>C:\Users\alexe\Downloads\setgame\images\20230401_184721.jpg</path>
	<source>
		<database>Unknown</database>
	</source>
	<size>
		<width>4000</width>
		<height>3000</height>
		<depth>3</depth>
	</size>
	<segmented>0</segmented>
	<object>
		<name>2-red-solid-squiggles</name>
		<pose>Unspecified</pose>
		<truncated>0</truncated>
		<difficult>0</difficult>
		<bndbox>
			<xmin>48</xmin>
			<ymin>804</ymin>
			<xmax>829</xmax>
			<ymax>1313</ymax>
		</bndbox>
	</object>
	<object>
		<name>3-purple-striped-diamonds</name>
		<pose>Unspecified</pose>
		<truncated>0</truncated>
		<difficult>0</difficult>
		<bndbox>
			<xmin>238</xmin>
			<ymin>1572</ymin>
			<xmax>943</xmax>
			<ymax>1974</ymax>
		</bndbox>
	</object>
	<object>
		<name>1-green-striped-oval</name>
		<pose>Unspecified</pose>
		<truncated>0</truncated>
		<difficult>0</difficult>
		<bndbox>
			<xmin>408</xmin>
			<ymin>2165</ymin>
			<xmax>1131</xmax>
			<ymax>2556</ymax>
		</bndbox>
	</object>
	<object>
		<name>3-red-empty-ovals</name>
		<pose>Unspecified</pose>
		<truncated>0</truncated>
		<difficult>0</difficult>
		<bndbox>
			<xmin>957</xmin>
			<ymin>809</ymin>
			<xmax>1747</xmax>
			<ymax>1377</ymax>
		</bndbox>
	</object>
	<object>
		<name>3-purple-solid-diamonds</name>
		<pose>Unspecified</pose>
		<truncated>0</truncated>
		<difficult>0</difficult>
		<bndbox>
			<xmin>1081</xmin>
			<ymin>1607</ymin>
			<xmax>1797</xmax>
			<ymax>2033</ymax>
		</bndbox>
	</object>
	<object>
		<name>2-purple-solid-squiggles</name>
		<pose>Unspecified</pose>
		<truncated>0</truncated>
		<difficult>0</difficult>
		<bndbox>
			<xmin>1190</xmin>
			<ymin>2170</ymin>
			<xmax>1852</xmax>
			<ymax>2561</ymax>
		</bndbox>
	</object>
	<object>
		<name>3-green-solid-ovals</name>
		<pose>Unspecified</pose>
		<truncated>0</truncated>
		<difficult>0</difficult>
		<bndbox>
			<xmin>1962</xmin>
			<ymin>855</ymin>
			<xmax>2797</xmax>
			<ymax>1411</ymax>
		</bndbox>
	</object>
	<object>
		<name>1-green-empty-oval</name>
		<pose>Unspecified</pose>
		<truncated>0</truncated>
		<difficult>0</difficult>
		<bndbox>
			<xmin>1999</xmin>
			<ymin>1583</ymin>
			<xmax>2779</xmax>
			<ymax>2070</ymax>
		</bndbox>
	</object>
	<object>
		<name>2-green-striped-ovals</name>
		<pose>Unspecified</pose>
		<truncated>0</truncated>
		<difficult>0</difficult>
		<bndbox>
			<xmin>2015</xmin>
			<ymin>2219</ymin>
			<xmax>2731</xmax>
			<ymax>2634</ymax>
		</bndbox>
	</object>
	<object>
		<name>1-purple-striped-oval</name>
		<pose>Unspecified</pose>
		<truncated>0</truncated>
		<difficult>0</difficult>
		<bndbox>
			<xmin>3020</xmin>
			<ymin>902</ymin>
			<xmax>3924</xmax>
			<ymax>1472</ymax>
		</bndbox>
	</object>
	<object>
		<name>2-green-empty-ovals</name>
		<pose>Unspecified</pose>
		<truncated>0</truncated>
		<difficult>0</difficult>
		<bndbox>
			<xmin>2957</xmin>
			<ymin>1630</ymin>
			<xmax>3783</xmax>
			<ymax>2138</ymax>
		</bndbox>
	</object>
	<object>
		<name>1-green-solid-oval</name>
		<pose>Unspecified</pose>
		<truncated>0</truncated>
		<difficult>0</difficult>
		<bndbox>
			<xmin>2872</xmin>
			<ymin>2295</ymin>
			<xmax>3688</xmax>
			<ymax>2730</ymax>
		</bndbox>
	</object>
</annotation>
