<annotation>
	<folder>images</folder>
	<filename>20230401_182925.jpg</filename>
	<path>C:\Users\alexe\Downloads\setgame\images\20230401_182925.jpg</path>
	<source>
		<database>Unknown</database>
	</source>
	<size>
		<width>4000</width>
		<height>3000</height>
		<depth>3</depth>
	</size>
	<segmented>0</segmented>
	<object>
		<name>2-green-solid-ovals</name>
		<pose>Unspecified</pose>
		<truncated>0</truncated>
		<difficult>0</difficult>
		<bndbox>
			<xmin>542</xmin>
			<ymin>747</ymin>
			<xmax>1048</xmax>
			<ymax>1099</ymax>
		</bndbox>
	</object>
	<object>
		<name>1-purple-solid-squiggle</name>
		<pose>Unspecified</pose>
		<truncated>0</truncated>
		<difficult>0</difficult>
		<bndbox>
			<xmin>1187</xmin>
			<ymin>722</ymin>
			<xmax>1709</xmax>
			<ymax>1115</ymax>
		</bndbox>
	</object>
	<object>
		<name>3-green-solid-diamonds</name>
		<pose>Unspecified</pose>
		<truncated>0</truncated>
		<difficult>0</difficult>
		<bndbox>
			<xmin>1893</xmin>
			<ymin>699</ymin>
			<xmax>2519</xmax>
			<ymax>1086</ymax>
		</bndbox>
	</object>
	<object>
		<name>1-purple-empty-oval</name>
		<pose>Unspecified</pose>
		<truncated>0</truncated>
		<difficult>0</difficult>
		<bndbox>
			<xmin>2664</xmin>
			<ymin>676</ymin>
			<xmax>3348</xmax>
			<ymax>1086</ymax>
		</bndbox>
	</object>
	<object>
		<name>3-red-empty-squiggles</name>
		<pose>Unspecified</pose>
		<truncated>0</truncated>
		<difficult>0</difficult>
		<bndbox>
			<xmin>561</xmin>
			<ymin>1396</ymin>
			<xmax>1058</xmax>
			<ymax>1735</ymax>
		</bndbox>
	</object>
	<object>
		<name>1-green-striped-squiggle</name>
		<pose>Unspecified</pose>
		<truncated>0</truncated>
		<difficult>0</difficult>
		<bndbox>
			<xmin>1167</xmin>
			<ymin>1351</ymin>
			<xmax>1716</xmax>
			<ymax>1747</ymax>
		</bndbox>
	</object>
	<object>
		<name>2-red-empty-diamonds</name>
		<pose>Unspecified</pose>
		<truncated>0</truncated>
		<difficult>0</difficult>
		<bndbox>
			<xmin>1838</xmin>
			<ymin>1354</ymin>
			<xmax>2458</xmax>
			<ymax>1770</ymax>
		</bndbox>
	</object>
	<object>
		<name>2-purple-striped-diamonds</name>
		<pose>Unspecified</pose>
		<truncated>0</truncated>
		<difficult>0</difficult>
		<bndbox>
			<xmin>2574</xmin>
			<ymin>1351</ymin>
			<xmax>3264</xmax>
			<ymax>1802</ymax>
		</bndbox>
	</object>
	<object>
		<name>2-green-empty-diamonds</name>
		<pose>Unspecified</pose>
		<truncated>0</truncated>
		<difficult>0</difficult>
		<bndbox>
			<xmin>625</xmin>
			<ymin>2022</ymin>
			<xmax>1090</xmax>
			<ymax>2399</ymax>
		</bndbox>
	</object>
	<object>
		<name>1-green-empty-diamond</name>
		<pose>Unspecified</pose>
		<truncated>0</truncated>
		<difficult>0</difficult>
		<bndbox>
			<xmin>1254</xmin>
			<ymin>2064</ymin>
			<xmax>1819</xmax>
			<ymax>2454</ymax>
		</bndbox>
	</object>
	<object>
		<name>2-purple-empty-ovals</name>
		<pose>Unspecified</pose>
		<truncated>0</truncated>
		<difficult>0</difficult>
		<bndbox>
			<xmin>1913</xmin>
			<ymin>2035</ymin>
			<xmax>2542</xmax>
			<ymax>2444</ymax>
		</bndbox>
	</object>
	<object>
		<name>2-purple-empty-diamonds</name>
		<pose>Unspecified</pose>
		<truncated>0</truncated>
		<difficult>0</difficult>
		<bndbox>
			<xmin>2645</xmin>
			<ymin>2044</ymin>
			<xmax>3354</xmax>
			<ymax>2464</ymax>
		</bndbox>
	</object>
	<object>
		<name>2-red-solid-ovals</name>
		<pose>Unspecified</pose>
		<truncated>0</truncated>
		<difficult>0</difficult>
		<bndbox>
			<xmin>22</xmin>
			<ymin>2002</ymin>
			<xmax>500</xmax>
			<ymax>2373</ymax>
		</bndbox>
	</object>
</annotation>
