<annotation>
	<folder>images</folder>
	<filename>20230401_183515.jpg</filename>
	<path>C:\Users\alexe\Downloads\model\images\20230401_183515.jpg</path>
	<source>
		<database>Unknown</database>
	</source>
	<size>
		<width>4000</width>
		<height>3000</height>
		<depth>3</depth>
	</size>
	<segmented>0</segmented>
	<object>
		<name>2-red-striped-diamonds</name>
		<pose>Unspecified</pose>
		<truncated>0</truncated>
		<difficult>0</difficult>
		<bndbox>
			<xmin>281</xmin>
			<ymin>911</ymin>
			<xmax>1036</xmax>
			<ymax>1372</ymax>
		</bndbox>
	</object>
	<object>
		<name>1-purple-empty-diamond</name>
		<pose>Unspecified</pose>
		<truncated>0</truncated>
		<difficult>0</difficult>
		<bndbox>
			<xmin>1115</xmin>
			<ymin>906</ymin>
			<xmax>1852</xmax>
			<ymax>1384</ymax>
		</bndbox>
	</object>
	<object>
		<name>1-green-striped-diamond</name>
		<pose>Unspecified</pose>
		<truncated>0</truncated>
		<difficult>0</difficult>
		<bndbox>
			<xmin>1933</xmin>
			<ymin>856</ymin>
			<xmax>2677</xmax>
			<ymax>1359</ymax>
		</bndbox>
	</object>
	<object>
		<name>1-purple-solid-oval</name>
		<pose>Unspecified</pose>
		<truncated>0</truncated>
		<difficult>0</difficult>
		<bndbox>
			<xmin>2799</xmin>
			<ymin>865</ymin>
			<xmax>3606</xmax>
			<ymax>1372</ymax>
		</bndbox>
	</object>
	<object>
		<name>3-green-striped-diamonds</name>
		<pose>Unspecified</pose>
		<truncated>0</truncated>
		<difficult>0</difficult>
		<bndbox>
			<xmin>368</xmin>
			<ymin>1527</ymin>
			<xmax>1063</xmax>
			<ymax>1975</ymax>
		</bndbox>
	</object>
	<object>
		<name>3-red-solid-diamonds</name>
		<pose>Unspecified</pose>
		<truncated>0</truncated>
		<difficult>0</difficult>
		<bndbox>
			<xmin>1163</xmin>
			<ymin>1552</ymin>
			<xmax>1865</xmax>
			<ymax>2027</ymax>
		</bndbox>
	</object>
	<object>
		<name>3-purple-striped-squiggles</name>
		<pose>Unspecified</pose>
		<truncated>0</truncated>
		<difficult>0</difficult>
		<bndbox>
			<xmin>1947</xmin>
			<ymin>1579</ymin>
			<xmax>2681</xmax>
			<ymax>2056</ymax>
		</bndbox>
	</object>
	<object>
		<name>3-red-empty-diamonds</name>
		<pose>Unspecified</pose>
		<truncated>0</truncated>
		<difficult>0</difficult>
		<bndbox>
			<xmin>2793</xmin>
			<ymin>1625</ymin>
			<xmax>3577</xmax>
			<ymax>2081</ymax>
		</bndbox>
	</object>
	<object>
		<name>1-red-solid-oval</name>
		<pose>Unspecified</pose>
		<truncated>0</truncated>
		<difficult>0</difficult>
		<bndbox>
			<xmin>454</xmin>
			<ymin>2168</ymin>
			<xmax>1097</xmax>
			<ymax>2579</ymax>
		</bndbox>
	</object>
	<object>
		<name>2-green-striped-diamonds</name>
		<pose>Unspecified</pose>
		<truncated>0</truncated>
		<difficult>0</difficult>
		<bndbox>
			<xmin>1138</xmin>
			<ymin>2229</ymin>
			<xmax>1836</xmax>
			<ymax>2640</ymax>
		</bndbox>
	</object>
	<object>
		<name>2-green-solid-diamonds</name>
		<pose>Unspecified</pose>
		<truncated>0</truncated>
		<difficult>0</difficult>
		<bndbox>
			<xmin>1888</xmin>
			<ymin>2231</ymin>
			<xmax>2602</xmax>
			<ymax>2629</ymax>
		</bndbox>
	</object>
	<object>
		<name>1-red-striped-squiggle</name>
		<pose>Unspecified</pose>
		<truncated>0</truncated>
		<difficult>0</difficult>
		<bndbox>
			<xmin>2790</xmin>
			<ymin>2209</ymin>
			<xmax>3531</xmax>
			<ymax>2675</ymax>
		</bndbox>
	</object>
</annotation>
