<annotation>
	<folder>images</folder>
	<filename>20230401_182815.jpg</filename>
	<path>C:\Users\alexe\Downloads\setgame\images\20230401_182815.jpg</path>
	<source>
		<database>Unknown</database>
	</source>
	<size>
		<width>4000</width>
		<height>3000</height>
		<depth>3</depth>
	</size>
	<segmented>0</segmented>
	<object>
		<name>2-purple-striped-ovals</name>
		<pose>Unspecified</pose>
		<truncated>0</truncated>
		<difficult>0</difficult>
		<bndbox>
			<xmin>713</xmin>
			<ymin>705</ymin>
			<xmax>1271</xmax>
			<ymax>1099</ymax>
		</bndbox>
	</object>
	<object>
		<name>2-green-solid-ovals</name>
		<pose>Unspecified</pose>
		<truncated>0</truncated>
		<difficult>0</difficult>
		<bndbox>
			<xmin>1380</xmin>
			<ymin>693</ymin>
			<xmax>1980</xmax>
			<ymax>1099</ymax>
		</bndbox>
	</object>
	<object>
		<name>1-purple-solid-squiggle</name>
		<pose>Unspecified</pose>
		<truncated>0</truncated>
		<difficult>0</difficult>
		<bndbox>
			<xmin>2109</xmin>
			<ymin>647</ymin>
			<xmax>2796</xmax>
			<ymax>1102</ymax>
		</bndbox>
	</object>
	<object>
		<name>3-green-solid-diamonds</name>
		<pose>Unspecified</pose>
		<truncated>0</truncated>
		<difficult>0</difficult>
		<bndbox>
			<xmin>2967</xmin>
			<ymin>615</ymin>
			<xmax>3751</xmax>
			<ymax>1083</ymax>
		</bndbox>
	</object>
	<object>
		<name>1-green-empty-squiggle</name>
		<pose>Unspecified</pose>
		<truncated>0</truncated>
		<difficult>0</difficult>
		<bndbox>
			<xmin>671</xmin>
			<ymin>1389</ymin>
			<xmax>1222</xmax>
			<ymax>1789</ymax>
		</bndbox>
	</object>
	<object>
		<name>3-red-empty-squiggles</name>
		<pose>Unspecified</pose>
		<truncated>0</truncated>
		<difficult>0</difficult>
		<bndbox>
			<xmin>1384</xmin>
			<ymin>1393</ymin>
			<xmax>1996</xmax>
			<ymax>1802</ymax>
		</bndbox>
	</object>
	<object>
		<name>1-green-striped-squiggle</name>
		<pose>Unspecified</pose>
		<truncated>0</truncated>
		<difficult>0</difficult>
		<bndbox>
			<xmin>2100</xmin>
			<ymin>1357</ymin>
			<xmax>2780</xmax>
			<ymax>1799</ymax>
		</bndbox>
	</object>
	<object>
		<name>2-red-empty-diamonds</name>
		<pose>Unspecified</pose>
		<truncated>0</truncated>
		<difficult>0</difficult>
		<bndbox>
			<xmin>2893</xmin>
			<ymin>1354</ymin>
			<xmax>3661</xmax>
			<ymax>1828</ymax>
		</bndbox>
	</object>
	<object>
		<name>2-red-solid-ovals</name>
		<pose>Unspecified</pose>
		<truncated>0</truncated>
		<difficult>0</difficult>
		<bndbox>
			<xmin>767</xmin>
			<ymin>2035</ymin>
			<xmax>1306</xmax>
			<ymax>2470</ymax>
		</bndbox>
	</object>
	<object>
		<name>2-green-empty-diamonds</name>
		<pose>Unspecified</pose>
		<truncated>0</truncated>
		<difficult>0</difficult>
		<bndbox>
			<xmin>1432</xmin>
			<ymin>2086</ymin>
			<xmax>2042</xmax>
			<ymax>2515</ymax>
		</bndbox>
	</object>
	<object>
		<name>1-green-empty-diamond</name>
		<pose>Unspecified</pose>
		<truncated>0</truncated>
		<difficult>0</difficult>
		<bndbox>
			<xmin>2180</xmin>
			<ymin>2125</ymin>
			<xmax>2887</xmax>
			<ymax>2573</ymax>
		</bndbox>
	</object>
	<object>
		<name>2-purple-empty-ovals</name>
		<pose>Unspecified</pose>
		<truncated>0</truncated>
		<difficult>0</difficult>
		<bndbox>
			<xmin>2974</xmin>
			<ymin>2118</ymin>
			<xmax>3754</xmax>
			<ymax>2583</ymax>
		</bndbox>
	</object>
</annotation>
