<annotation>
	<folder>images</folder>
	<filename>20230401_182954.jpg</filename>
	<path>C:\Users\alexe\Downloads\setgame\images\20230401_182954.jpg</path>
	<source>
		<database>Unknown</database>
	</source>
	<size>
		<width>4000</width>
		<height>3000</height>
		<depth>3</depth>
	</size>
	<segmented>0</segmented>
	<object>
		<name>1-purple-solid-squiggle</name>
		<pose>Unspecified</pose>
		<truncated>0</truncated>
		<difficult>0</difficult>
		<bndbox>
			<xmin>106</xmin>
			<ymin>529</ymin>
			<xmax>674</xmax>
			<ymax>981</ymax>
		</bndbox>
	</object>
	<object>
		<name>3-green-solid-diamonds</name>
		<pose>Unspecified</pose>
		<truncated>0</truncated>
		<difficult>0</difficult>
		<bndbox>
			<xmin>856</xmin>
			<ymin>481</ymin>
			<xmax>1556</xmax>
			<ymax>931</ymax>
		</bndbox>
	</object>
	<object>
		<name>1-purple-empty-oval</name>
		<pose>Unspecified</pose>
		<truncated>0</truncated>
		<difficult>0</difficult>
		<bndbox>
			<xmin>1663</xmin>
			<ymin>409</ymin>
			<xmax>2452</xmax>
			<ymax>904</ymax>
		</bndbox>
	</object>
	<object>
		<name>3-green-empty-diamonds</name>
		<pose>Unspecified</pose>
		<truncated>0</truncated>
		<difficult>0</difficult>
		<bndbox>
			<xmin>2652</xmin>
			<ymin>304</ymin>
			<xmax>3611</xmax>
			<ymax>872</ymax>
		</bndbox>
	</object>
	<object>
		<name>1-green-striped-squiggle</name>
		<pose>Unspecified</pose>
		<truncated>0</truncated>
		<difficult>0</difficult>
		<bndbox>
			<xmin>140</xmin>
			<ymin>1290</ymin>
			<xmax>736</xmax>
			<ymax>1731</ymax>
		</bndbox>
	</object>
	<object>
		<name>2-red-empty-diamonds</name>
		<pose>Unspecified</pose>
		<truncated>0</truncated>
		<difficult>0</difficult>
		<bndbox>
			<xmin>818</xmin>
			<ymin>1270</ymin>
			<xmax>1483</xmax>
			<ymax>1752</ymax>
		</bndbox>
	</object>
	<object>
		<name>2-purple-striped-diamonds</name>
		<pose>Unspecified</pose>
		<truncated>0</truncated>
		<difficult>0</difficult>
		<bndbox>
			<xmin>1620</xmin>
			<ymin>1254</ymin>
			<xmax>2399</xmax>
			<ymax>1786</ymax>
		</bndbox>
	</object>
	<object>
		<name>3-green-empty-squiggles</name>
		<pose>Unspecified</pose>
		<truncated>0</truncated>
		<difficult>0</difficult>
		<bndbox>
			<xmin>2604</xmin>
			<ymin>1263</ymin>
			<xmax>3563</xmax>
			<ymax>1829</ymax>
		</bndbox>
	</object>
	<object>
		<name>1-green-empty-diamond</name>
		<pose>Unspecified</pose>
		<truncated>0</truncated>
		<difficult>0</difficult>
		<bndbox>
			<xmin>272</xmin>
			<ymin>2100</ymin>
			<xmax>840</xmax>
			<ymax>2534</ymax>
		</bndbox>
	</object>
	<object>
		<name>2-purple-empty-ovals</name>
		<pose>Unspecified</pose>
		<truncated>0</truncated>
		<difficult>0</difficult>
		<bndbox>
			<xmin>933</xmin>
			<ymin>2072</ymin>
			<xmax>1615</xmax>
			<ymax>2559</ymax>
		</bndbox>
	</object>
	<object>
		<name>2-purple-empty-diamonds</name>
		<pose>Unspecified</pose>
		<truncated>0</truncated>
		<difficult>0</difficult>
		<bndbox>
			<xmin>1706</xmin>
			<ymin>2077</ymin>
			<xmax>2495</xmax>
			<ymax>2602</ymax>
		</bndbox>
	</object>
	<object>
		<name>2-purple-solid-diamonds</name>
		<pose>Unspecified</pose>
		<truncated>0</truncated>
		<difficult>0</difficult>
		<bndbox>
			<xmin>2738</xmin>
			<ymin>2111</ymin>
			<xmax>3720</xmax>
			<ymax>2729</ymax>
		</bndbox>
	</object>
</annotation>
