<annotation>
	<folder>images</folder>
	<filename>20230401_182957.jpg</filename>
	<path>C:\Users\alexe\Downloads\setgame\images\20230401_182957.jpg</path>
	<source>
		<database>Unknown</database>
	</source>
	<size>
		<width>4000</width>
		<height>3000</height>
		<depth>3</depth>
	</size>
	<segmented>0</segmented>
	<object>
		<name>2-green-solid-ovals</name>
		<pose>Unspecified</pose>
		<truncated>1</truncated>
		<difficult>0</difficult>
		<bndbox>
			<xmin>1</xmin>
			<ymin>1005</ymin>
			<xmax>408</xmax>
			<ymax>1306</ymax>
		</bndbox>
	</object>
	<object>
		<name>1-purple-solid-squiggle</name>
		<pose>Unspecified</pose>
		<truncated>0</truncated>
		<difficult>0</difficult>
		<bndbox>
			<xmin>490</xmin>
			<ymin>952</ymin>
			<xmax>949</xmax>
			<ymax>1293</ymax>
		</bndbox>
	</object>
	<object>
		<name>3-green-solid-diamonds</name>
		<pose>Unspecified</pose>
		<truncated>0</truncated>
		<difficult>0</difficult>
		<bndbox>
			<xmin>1083</xmin>
			<ymin>906</ymin>
			<xmax>1597</xmax>
			<ymax>1268</ymax>
		</bndbox>
	</object>
	<object>
		<name>1-purple-empty-oval</name>
		<pose>Unspecified</pose>
		<truncated>0</truncated>
		<difficult>0</difficult>
		<bndbox>
			<xmin>1693</xmin>
			<ymin>868</ymin>
			<xmax>2268</xmax>
			<ymax>1243</ymax>
		</bndbox>
	</object>
	<object>
		<name>3-green-empty-diamonds</name>
		<pose>Unspecified</pose>
		<truncated>0</truncated>
		<difficult>0</difficult>
		<bndbox>
			<xmin>2368</xmin>
			<ymin>831</ymin>
			<xmax>3015</xmax>
			<ymax>1215</ymax>
		</bndbox>
	</object>
	<object>
		<name>3-red-empty-squiggles</name>
		<pose>Unspecified</pose>
		<truncated>1</truncated>
		<difficult>0</difficult>
		<bndbox>
			<xmin>1</xmin>
			<ymin>1548</ymin>
			<xmax>420</xmax>
			<ymax>1870</ymax>
		</bndbox>
	</object>
	<object>
		<name>1-green-striped-squiggle</name>
		<pose>Unspecified</pose>
		<truncated>0</truncated>
		<difficult>0</difficult>
		<bndbox>
			<xmin>502</xmin>
			<ymin>1518</ymin>
			<xmax>981</xmax>
			<ymax>1854</ymax>
		</bndbox>
	</object>
	<object>
		<name>2-red-empty-diamonds</name>
		<pose>Unspecified</pose>
		<truncated>0</truncated>
		<difficult>0</difficult>
		<bndbox>
			<xmin>1058</xmin>
			<ymin>1504</ymin>
			<xmax>1577</xmax>
			<ymax>1856</ymax>
		</bndbox>
	</object>
	<object>
		<name>2-purple-striped-diamonds</name>
		<pose>Unspecified</pose>
		<truncated>0</truncated>
		<difficult>0</difficult>
		<bndbox>
			<xmin>1654</xmin>
			<ymin>1479</ymin>
			<xmax>2227</xmax>
			<ymax>1859</ymax>
		</bndbox>
	</object>
	<object>
		<name>3-green-empty-squiggles</name>
		<pose>Unspecified</pose>
		<truncated>0</truncated>
		<difficult>0</difficult>
		<bndbox>
			<xmin>2370</xmin>
			<ymin>1477</ymin>
			<xmax>2999</xmax>
			<ymax>1881</ymax>
		</bndbox>
	</object>
	<object>
		<name>2-green-empty-diamonds</name>
		<pose>Unspecified</pose>
		<truncated>0</truncated>
		<difficult>0</difficult>
		<bndbox>
			<xmin>68</xmin>
			<ymin>2122</ymin>
			<xmax>488</xmax>
			<ymax>2454</ymax>
		</bndbox>
	</object>
	<object>
		<name>1-green-empty-diamond</name>
		<pose>Unspecified</pose>
		<truncated>0</truncated>
		<difficult>0</difficult>
		<bndbox>
			<xmin>602</xmin>
			<ymin>2143</ymin>
			<xmax>1074</xmax>
			<ymax>2490</ymax>
		</bndbox>
	</object>
	<object>
		<name>2-purple-empty-ovals</name>
		<pose>Unspecified</pose>
		<truncated>0</truncated>
		<difficult>0</difficult>
		<bndbox>
			<xmin>1138</xmin>
			<ymin>2097</ymin>
			<xmax>1661</xmax>
			<ymax>2454</ymax>
		</bndbox>
	</object>
	<object>
		<name>2-purple-empty-diamonds</name>
		<pose>Unspecified</pose>
		<truncated>0</truncated>
		<difficult>0</difficult>
		<bndbox>
			<xmin>1731</xmin>
			<ymin>2079</ymin>
			<xmax>2336</xmax>
			<ymax>2452</ymax>
		</bndbox>
	</object>
	<object>
		<name>2-purple-solid-diamonds</name>
		<pose>Unspecified</pose>
		<truncated>0</truncated>
		<difficult>0</difficult>
		<bndbox>
			<xmin>2468</xmin>
			<ymin>2084</ymin>
			<xmax>3140</xmax>
			<ymax>2504</ymax>
		</bndbox>
	</object>
	<object>
		<name>2-red-striped-diamonds</name>
		<pose>Unspecified</pose>
		<truncated>0</truncated>
		<difficult>0</difficult>
		<bndbox>
			<xmin>3281</xmin>
			<ymin>772</ymin>
			<xmax>3915</xmax>
			<ymax>1208</ymax>
		</bndbox>
	</object>
	<object>
		<name>3-green-striped-diamonds</name>
		<pose>Unspecified</pose>
		<truncated>1</truncated>
		<difficult>0</difficult>
		<bndbox>
			<xmin>3265</xmin>
			<ymin>1368</ymin>
			<xmax>4000</xmax>
			<ymax>1817</ymax>
		</bndbox>
	</object>
	<object>
		<name>1-red-solid-oval</name>
		<pose>Unspecified</pose>
		<truncated>1</truncated>
		<difficult>0</difficult>
		<bndbox>
			<xmin>3327</xmin>
			<ymin>2065</ymin>
			<xmax>4000</xmax>
			<ymax>2503</ymax>
		</bndbox>
	</object>
</annotation>
