<annotation>
	<folder>images</folder>
	<filename>20230401_190125.jpg</filename>
	<path>C:\Users\alexe\Downloads\setgame\images\20230401_190125.jpg</path>
	<source>
		<database>Unknown</database>
	</source>
	<size>
		<width>4000</width>
		<height>3000</height>
		<depth>3</depth>
	</size>
	<segmented>0</segmented>
	<object>
		<name>2-red-striped-squiggles</name>
		<pose>Unspecified</pose>
		<truncated>0</truncated>
		<difficult>0</difficult>
		<bndbox>
			<xmin>408</xmin>
			<ymin>724</ymin>
			<xmax>1153</xmax>
			<ymax>1141</ymax>
		</bndbox>
	</object>
	<object>
		<name>1-red-solid-diamond</name>
		<pose>Unspecified</pose>
		<truncated>0</truncated>
		<difficult>0</difficult>
		<bndbox>
			<xmin>268</xmin>
			<ymin>1338</ymin>
			<xmax>974</xmax>
			<ymax>1806</ymax>
		</bndbox>
	</object>
	<object>
		<name>1-purple-striped-diamond</name>
		<pose>Unspecified</pose>
		<truncated>0</truncated>
		<difficult>0</difficult>
		<bndbox>
			<xmin>87</xmin>
			<ymin>1948</ymin>
			<xmax>872</xmax>
			<ymax>2481</ymax>
		</bndbox>
	</object>
	<object>
		<name>2-red-striped-ovals</name>
		<pose>Unspecified</pose>
		<truncated>0</truncated>
		<difficult>0</difficult>
		<bndbox>
			<xmin>1350</xmin>
			<ymin>734</ymin>
			<xmax>2054</xmax>
			<ymax>1152</ymax>
		</bndbox>
	</object>
	<object>
		<name>3-green-empty-ovals</name>
		<pose>Unspecified</pose>
		<truncated>0</truncated>
		<difficult>0</difficult>
		<bndbox>
			<xmin>1289</xmin>
			<ymin>1360</ymin>
			<xmax>1986</xmax>
			<ymax>1805</ymax>
		</bndbox>
	</object>
	<object>
		<name>3-red-solid-squiggles</name>
		<pose>Unspecified</pose>
		<truncated>0</truncated>
		<difficult>0</difficult>
		<bndbox>
			<xmin>1206</xmin>
			<ymin>1929</ymin>
			<xmax>1983</xmax>
			<ymax>2459</ymax>
		</bndbox>
	</object>
	<object>
		<name>1-green-empty-squiggle</name>
		<pose>Unspecified</pose>
		<truncated>0</truncated>
		<difficult>0</difficult>
		<bndbox>
			<xmin>2245</xmin>
			<ymin>2083</ymin>
			<xmax>3038</xmax>
			<ymax>2563</ymax>
		</bndbox>
	</object>
	<object>
		<name>2-purple-striped-ovals</name>
		<pose>Unspecified</pose>
		<truncated>0</truncated>
		<difficult>0</difficult>
		<bndbox>
			<xmin>2249</xmin>
			<ymin>1372</ymin>
			<xmax>2920</xmax>
			<ymax>1797</ymax>
		</bndbox>
	</object>
	<object>
		<name>2-red-solid-ovals</name>
		<pose>Unspecified</pose>
		<truncated>0</truncated>
		<difficult>0</difficult>
		<bndbox>
			<xmin>2257</xmin>
			<ymin>764</ymin>
			<xmax>2913</xmax>
			<ymax>1154</ymax>
		</bndbox>
	</object>
	<object>
		<name>2-green-empty-diamonds</name>
		<pose>Unspecified</pose>
		<truncated>0</truncated>
		<difficult>0</difficult>
		<bndbox>
			<xmin>3066</xmin>
			<ymin>788</ymin>
			<xmax>3770</xmax>
			<ymax>1177</ymax>
		</bndbox>
	</object>
	<object>
		<name>3-red-empty-squiggles</name>
		<pose>Unspecified</pose>
		<truncated>0</truncated>
		<difficult>0</difficult>
		<bndbox>
			<xmin>3113</xmin>
			<ymin>1382</ymin>
			<xmax>3856</xmax>
			<ymax>1856</ymax>
		</bndbox>
	</object>
	<object>
		<name>2-green-solid-ovals</name>
		<pose>Unspecified</pose>
		<truncated>0</truncated>
		<difficult>0</difficult>
		<bndbox>
			<xmin>3179</xmin>
			<ymin>2051</ymin>
			<xmax>3979</xmax>
			<ymax>2559</ymax>
		</bndbox>
	</object>
</annotation>
