<annotation>
	<folder>images</folder>
	<filename>20230401_184219.jpg</filename>
	<path>C:\Users\alexe\Downloads\setgame\images\20230401_184219.jpg</path>
	<source>
		<database>Unknown</database>
	</source>
	<size>
		<width>4000</width>
		<height>3000</height>
		<depth>3</depth>
	</size>
	<segmented>0</segmented>
	<object>
		<name>1-purple-solid-diamond</name>
		<pose>Unspecified</pose>
		<truncated>0</truncated>
		<difficult>0</difficult>
		<bndbox>
			<xmin>488</xmin>
			<ymin>711</ymin>
			<xmax>1338</xmax>
			<ymax>1322</ymax>
		</bndbox>
	</object>
	<object>
		<name>2-green-striped-squiggles</name>
		<pose>Unspecified</pose>
		<truncated>0</truncated>
		<difficult>0</difficult>
		<bndbox>
			<xmin>1454</xmin>
			<ymin>704</ymin>
			<xmax>2397</xmax>
			<ymax>1350</ymax>
		</bndbox>
	</object>
	<object>
		<name>1-red-empty-oval</name>
		<pose>Unspecified</pose>
		<truncated>0</truncated>
		<difficult>0</difficult>
		<bndbox>
			<xmin>2563</xmin>
			<ymin>699</ymin>
			<xmax>3615</xmax>
			<ymax>1384</ymax>
		</bndbox>
	</object>
	<object>
		<name>2-red-solid-diamonds</name>
		<pose>Unspecified</pose>
		<truncated>0</truncated>
		<difficult>0</difficult>
		<bndbox>
			<xmin>608</xmin>
			<ymin>1545</ymin>
			<xmax>1373</xmax>
			<ymax>2113</ymax>
		</bndbox>
	</object>
	<object>
		<name>2-green-empty-squiggles</name>
		<pose>Unspecified</pose>
		<truncated>0</truncated>
		<difficult>0</difficult>
		<bndbox>
			<xmin>1564</xmin>
			<ymin>1570</ymin>
			<xmax>2393</xmax>
			<ymax>2136</ymax>
		</bndbox>
	</object>
	<object>
		<name>3-red-striped-squiggles</name>
		<pose>Unspecified</pose>
		<truncated>0</truncated>
		<difficult>0</difficult>
		<bndbox>
			<xmin>2594</xmin>
			<ymin>1585</ymin>
			<xmax>3597</xmax>
			<ymax>2222</ymax>
		</bndbox>
	</object>
	<object>
		<name>1-red-empty-squiggle</name>
		<pose>Unspecified</pose>
		<truncated>0</truncated>
		<difficult>0</difficult>
		<bndbox>
			<xmin>670</xmin>
			<ymin>2245</ymin>
			<xmax>1436</xmax>
			<ymax>2747</ymax>
		</bndbox>
	</object>
	<object>
		<name>3-red-striped-diamonds</name>
		<pose>Unspecified</pose>
		<truncated>0</truncated>
		<difficult>0</difficult>
		<bndbox>
			<xmin>1544</xmin>
			<ymin>2286</ymin>
			<xmax>2373</xmax>
			<ymax>2861</ymax>
		</bndbox>
	</object>
	<object>
		<name>1-red-empty-diamond</name>
		<pose>Unspecified</pose>
		<truncated>0</truncated>
		<difficult>0</difficult>
		<bndbox>
			<xmin>2516</xmin>
			<ymin>2465</ymin>
			<xmax>3411</xmax>
			<ymax>2972</ymax>
		</bndbox>
	</object>
</annotation>
