<annotation>
	<folder>images</folder>
	<filename>20230401_184729.jpg</filename>
	<path>C:\Users\alexe\Downloads\setgame\images\20230401_184729.jpg</path>
	<source>
		<database>Unknown</database>
	</source>
	<size>
		<width>4000</width>
		<height>3000</height>
		<depth>3</depth>
	</size>
	<segmented>0</segmented>
	<object>
		<name>2-red-solid-squiggles</name>
		<pose>Unspecified</pose>
		<truncated>1</truncated>
		<difficult>0</difficult>
		<bndbox>
			<xmin>1</xmin>
			<ymin>754</ymin>
			<xmax>654</xmax>
			<ymax>1229</ymax>
		</bndbox>
	</object>
	<object>
		<name>3-purple-striped-diamonds</name>
		<pose>Unspecified</pose>
		<truncated>0</truncated>
		<difficult>0</difficult>
		<bndbox>
			<xmin>4</xmin>
			<ymin>1499</ymin>
			<xmax>713</xmax>
			<ymax>1961</ymax>
		</bndbox>
	</object>
	<object>
		<name>1-green-striped-oval</name>
		<pose>Unspecified</pose>
		<truncated>0</truncated>
		<difficult>0</difficult>
		<bndbox>
			<xmin>120</xmin>
			<ymin>2181</ymin>
			<xmax>799</xmax>
			<ymax>2654</ymax>
		</bndbox>
	</object>
	<object>
		<name>3-red-empty-ovals</name>
		<pose>Unspecified</pose>
		<truncated>0</truncated>
		<difficult>0</difficult>
		<bndbox>
			<xmin>801</xmin>
			<ymin>730</ymin>
			<xmax>1508</xmax>
			<ymax>1238</ymax>
		</bndbox>
	</object>
	<object>
		<name>3-purple-solid-diamonds</name>
		<pose>Unspecified</pose>
		<truncated>0</truncated>
		<difficult>0</difficult>
		<bndbox>
			<xmin>828</xmin>
			<ymin>1479</ymin>
			<xmax>1577</xmax>
			<ymax>1984</ymax>
		</bndbox>
	</object>
	<object>
		<name>2-purple-solid-squiggles</name>
		<pose>Unspecified</pose>
		<truncated>0</truncated>
		<difficult>0</difficult>
		<bndbox>
			<xmin>886</xmin>
			<ymin>2154</ymin>
			<xmax>1613</xmax>
			<ymax>2645</ymax>
		</bndbox>
	</object>
	<object>
		<name>3-green-solid-ovals</name>
		<pose>Unspecified</pose>
		<truncated>0</truncated>
		<difficult>0</difficult>
		<bndbox>
			<xmin>1699</xmin>
			<ymin>704</ymin>
			<xmax>2493</xmax>
			<ymax>1229</ymax>
		</bndbox>
	</object>
	<object>
		<name>1-green-empty-oval</name>
		<pose>Unspecified</pose>
		<truncated>0</truncated>
		<difficult>0</difficult>
		<bndbox>
			<xmin>1752</xmin>
			<ymin>1434</ymin>
			<xmax>2527</xmax>
			<ymax>1934</ymax>
		</bndbox>
	</object>
	<object>
		<name>2-green-striped-ovals</name>
		<pose>Unspecified</pose>
		<truncated>0</truncated>
		<difficult>0</difficult>
		<bndbox>
			<xmin>1783</xmin>
			<ymin>2147</ymin>
			<xmax>2565</xmax>
			<ymax>2656</ymax>
		</bndbox>
	</object>
	<object>
		<name>1-purple-striped-oval</name>
		<pose>Unspecified</pose>
		<truncated>0</truncated>
		<difficult>0</difficult>
		<bndbox>
			<xmin>2678</xmin>
			<ymin>672</ymin>
			<xmax>3556</xmax>
			<ymax>1215</ymax>
		</bndbox>
	</object>
	<object>
		<name>2-green-empty-ovals</name>
		<pose>Unspecified</pose>
		<truncated>0</truncated>
		<difficult>0</difficult>
		<bndbox>
			<xmin>2714</xmin>
			<ymin>1412</ymin>
			<xmax>3583</xmax>
			<ymax>1957</ymax>
		</bndbox>
	</object>
	<object>
		<name>1-green-solid-oval</name>
		<pose>Unspecified</pose>
		<truncated>0</truncated>
		<difficult>0</difficult>
		<bndbox>
			<xmin>2710</xmin>
			<ymin>2194</ymin>
			<xmax>3588</xmax>
			<ymax>2725</ymax>
		</bndbox>
	</object>
</annotation>
