<annotation>
	<folder>images</folder>
	<filename>20230401_183026.jpg</filename>
	<path>C:\Users\alexe\Downloads\setgame\images\20230401_183026.jpg</path>
	<source>
		<database>Unknown</database>
	</source>
	<size>
		<width>4000</width>
		<height>3000</height>
		<depth>3</depth>
	</size>
	<segmented>0</segmented>
	<object>
		<name>3-green-solid-diamonds</name>
		<pose>Unspecified</pose>
		<truncated>0</truncated>
		<difficult>0</difficult>
		<bndbox>
			<xmin>145</xmin>
			<ymin>620</ymin>
			<xmax>745</xmax>
			<ymax>1061</ymax>
		</bndbox>
	</object>
	<object>
		<name>1-purple-empty-oval</name>
		<pose>Unspecified</pose>
		<truncated>0</truncated>
		<difficult>0</difficult>
		<bndbox>
			<xmin>868</xmin>
			<ymin>577</ymin>
			<xmax>1536</xmax>
			<ymax>1079</ymax>
		</bndbox>
	</object>
	<object>
		<name>3-green-empty-diamonds</name>
		<pose>Unspecified</pose>
		<truncated>0</truncated>
		<difficult>0</difficult>
		<bndbox>
			<xmin>1668</xmin>
			<ymin>531</ymin>
			<xmax>2470</xmax>
			<ymax>1065</ymax>
		</bndbox>
	</object>
	<object>
		<name>2-red-striped-diamonds</name>
		<pose>Unspecified</pose>
		<truncated>0</truncated>
		<difficult>0</difficult>
		<bndbox>
			<xmin>2822</xmin>
			<ymin>431</ymin>
			<xmax>3729</xmax>
			<ymax>1106</ymax>
		</bndbox>
	</object>
	<object>
		<name>2-red-empty-diamonds</name>
		<pose>Unspecified</pose>
		<truncated>0</truncated>
		<difficult>0</difficult>
		<bndbox>
			<xmin>122</xmin>
			<ymin>1370</ymin>
			<xmax>683</xmax>
			<ymax>1825</ymax>
		</bndbox>
	</object>
	<object>
		<name>2-purple-striped-diamonds</name>
		<pose>Unspecified</pose>
		<truncated>0</truncated>
		<difficult>0</difficult>
		<bndbox>
			<xmin>795</xmin>
			<ymin>1370</ymin>
			<xmax>1468</xmax>
			<ymax>1861</ymax>
		</bndbox>
	</object>
	<object>
		<name>3-green-empty-squiggles</name>
		<pose>Unspecified</pose>
		<truncated>0</truncated>
		<difficult>0</difficult>
		<bndbox>
			<xmin>1618</xmin>
			<ymin>1397</ymin>
			<xmax>2445</xmax>
			<ymax>1952</ymax>
		</bndbox>
	</object>
	<object>
		<name>3-green-striped-diamonds</name>
		<pose>Unspecified</pose>
		<truncated>0</truncated>
		<difficult>0</difficult>
		<bndbox>
			<xmin>2774</xmin>
			<ymin>1320</ymin>
			<xmax>3781</xmax>
			<ymax>1915</ymax>
		</bndbox>
	</object>
	<object>
		<name>2-purple-empty-ovals</name>
		<pose>Unspecified</pose>
		<truncated>0</truncated>
		<difficult>0</difficult>
		<bndbox>
			<xmin>215</xmin>
			<ymin>2111</ymin>
			<xmax>799</xmax>
			<ymax>2575</ymax>
		</bndbox>
	</object>
	<object>
		<name>2-purple-empty-diamonds</name>
		<pose>Unspecified</pose>
		<truncated>0</truncated>
		<difficult>0</difficult>
		<bndbox>
			<xmin>888</xmin>
			<ymin>2134</ymin>
			<xmax>1556</xmax>
			<ymax>2647</ymax>
		</bndbox>
	</object>
	<object>
		<name>2-purple-solid-diamonds</name>
		<pose>Unspecified</pose>
		<truncated>0</truncated>
		<difficult>0</difficult>
		<bndbox>
			<xmin>1749</xmin>
			<ymin>2193</ymin>
			<xmax>2543</xmax>
			<ymax>2775</ymax>
		</bndbox>
	</object>
	<object>
		<name>1-red-solid-oval</name>
		<pose>Unspecified</pose>
		<truncated>0</truncated>
		<difficult>0</difficult>
		<bndbox>
			<xmin>2813</xmin>
			<ymin>2229</ymin>
			<xmax>3811</xmax>
			<ymax>2877</ymax>
		</bndbox>
	</object>
</annotation>
