<annotation>
	<folder>images</folder>
	<filename>20230401_184828.jpg</filename>
	<path>C:\Users\alexe\Downloads\model\images\20230401_184828.jpg</path>
	<source>
		<database>Unknown</database>
	</source>
	<size>
		<width>4000</width>
		<height>3000</height>
		<depth>3</depth>
	</size>
	<segmented>0</segmented>
	<object>
		<name>3-red-empty-ovals</name>
		<pose>Unspecified</pose>
		<truncated>0</truncated>
		<difficult>0</difficult>
		<bndbox>
			<xmin>288</xmin>
			<ymin>997</ymin>
			<xmax>932</xmax>
			<ymax>1432</ymax>
		</bndbox>
	</object>
	<object>
		<name>3-purple-solid-diamonds</name>
		<pose>Unspecified</pose>
		<truncated>0</truncated>
		<difficult>0</difficult>
		<bndbox>
			<xmin>327</xmin>
			<ymin>1677</ymin>
			<xmax>958</xmax>
			<ymax>2111</ymax>
		</bndbox>
	</object>
	<object>
		<name>2-purple-solid-squiggles</name>
		<pose>Unspecified</pose>
		<truncated>0</truncated>
		<difficult>0</difficult>
		<bndbox>
			<xmin>370</xmin>
			<ymin>2275</ymin>
			<xmax>1024</xmax>
			<ymax>2722</ymax>
		</bndbox>
	</object>
	<object>
		<name>3-green-solid-ovals</name>
		<pose>Unspecified</pose>
		<truncated>0</truncated>
		<difficult>0</difficult>
		<bndbox>
			<xmin>1089</xmin>
			<ymin>979</ymin>
			<xmax>1763</xmax>
			<ymax>1429</ymax>
		</bndbox>
	</object>
	<object>
		<name>1-green-empty-oval</name>
		<pose>Unspecified</pose>
		<truncated>0</truncated>
		<difficult>0</difficult>
		<bndbox>
			<xmin>1143</xmin>
			<ymin>1608</ymin>
			<xmax>1817</xmax>
			<ymax>2068</ymax>
		</bndbox>
	</object>
	<object>
		<name>2-green-striped-ovals</name>
		<pose>Unspecified</pose>
		<truncated>0</truncated>
		<difficult>0</difficult>
		<bndbox>
			<xmin>1156</xmin>
			<ymin>2254</ymin>
			<xmax>1829</xmax>
			<ymax>2698</ymax>
		</bndbox>
	</object>
	<object>
		<name>1-purple-striped-oval</name>
		<pose>Unspecified</pose>
		<truncated>0</truncated>
		<difficult>0</difficult>
		<bndbox>
			<xmin>1926</xmin>
			<ymin>931</ymin>
			<xmax>2640</xmax>
			<ymax>1430</ymax>
		</bndbox>
	</object>
	<object>
		<name>2-green-empty-ovals</name>
		<pose>Unspecified</pose>
		<truncated>0</truncated>
		<difficult>0</difficult>
		<bndbox>
			<xmin>1973</xmin>
			<ymin>1597</ymin>
			<xmax>2704</xmax>
			<ymax>2073</ymax>
		</bndbox>
	</object>
	<object>
		<name>1-green-solid-oval</name>
		<pose>Unspecified</pose>
		<truncated>0</truncated>
		<difficult>0</difficult>
		<bndbox>
			<xmin>1978</xmin>
			<ymin>2268</ymin>
			<xmax>2708</xmax>
			<ymax>2747</ymax>
		</bndbox>
	</object>
	<object>
		<name>3-green-striped-squiggles</name>
		<pose>Unspecified</pose>
		<truncated>0</truncated>
		<difficult>0</difficult>
		<bndbox>
			<xmin>2890</xmin>
			<ymin>959</ymin>
			<xmax>3688</xmax>
			<ymax>1447</ymax>
		</bndbox>
	</object>
	<object>
		<name>2-purple-striped-squiggles</name>
		<pose>Unspecified</pose>
		<truncated>0</truncated>
		<difficult>0</difficult>
		<bndbox>
			<xmin>2861</xmin>
			<ymin>1586</ymin>
			<xmax>3643</xmax>
			<ymax>2088</ymax>
		</bndbox>
	</object>
	<object>
		<name>3-green-striped-ovals</name>
		<pose>Unspecified</pose>
		<truncated>0</truncated>
		<difficult>0</difficult>
		<bndbox>
			<xmin>2868</xmin>
			<ymin>2286</ymin>
			<xmax>3674</xmax>
			<ymax>2754</ymax>
		</bndbox>
	</object>
</annotation>
