<annotation>
	<folder>images</folder>
	<filename>20230401_183330.jpg</filename>
	<path>C:\Users\alexe\Downloads\model\images\20230401_183330.jpg</path>
	<source>
		<database>Unknown</database>
	</source>
	<size>
		<width>4000</width>
		<height>3000</height>
		<depth>3</depth>
	</size>
	<segmented>0</segmented>
	<object>
		<name>3-green-empty-diamonds</name>
		<pose>Unspecified</pose>
		<truncated>0</truncated>
		<difficult>0</difficult>
		<bndbox>
			<xmin>131</xmin>
			<ymin>68</ymin>
			<xmax>1163</xmax>
			<ymax>804</ymax>
		</bndbox>
	</object>
	<object>
		<name>3-green-empty-squiggles</name>
		<pose>Unspecified</pose>
		<truncated>0</truncated>
		<difficult>0</difficult>
		<bndbox>
			<xmin>120</xmin>
			<ymin>1186</ymin>
			<xmax>1104</xmax>
			<ymax>1886</ymax>
		</bndbox>
	</object>
	<object>
		<name>2-purple-solid-diamonds</name>
		<pose>Unspecified</pose>
		<truncated>0</truncated>
		<difficult>0</difficult>
		<bndbox>
			<xmin>247</xmin>
			<ymin>2175</ymin>
			<xmax>1258</xmax>
			<ymax>2875</ymax>
		</bndbox>
	</object>
	<object>
		<name>2-red-striped-diamonds</name>
		<pose>Unspecified</pose>
		<truncated>0</truncated>
		<difficult>0</difficult>
		<bndbox>
			<xmin>1397</xmin>
			<ymin>128</ymin>
			<xmax>2536</xmax>
			<ymax>881</ymax>
		</bndbox>
	</object>
	<object>
		<name>3-green-striped-diamonds</name>
		<pose>Unspecified</pose>
		<truncated>0</truncated>
		<difficult>0</difficult>
		<bndbox>
			<xmin>1454</xmin>
			<ymin>1127</ymin>
			<xmax>2554</xmax>
			<ymax>1852</ymax>
		</bndbox>
	</object>
	<object>
		<name>1-red-solid-oval</name>
		<pose>Unspecified</pose>
		<truncated>0</truncated>
		<difficult>0</difficult>
		<bndbox>
			<xmin>1497</xmin>
			<ymin>2222</ymin>
			<xmax>2581</xmax>
			<ymax>2963</ymax>
		</bndbox>
	</object>
	<object>
		<name>1-purple-empty-diamond</name>
		<pose>Unspecified</pose>
		<truncated>1</truncated>
		<difficult>0</difficult>
		<bndbox>
			<xmin>2845</xmin>
			<ymin>1</ymin>
			<xmax>4000</xmax>
			<ymax>822</ymax>
		</bndbox>
	</object>
	<object>
		<name>3-red-solid-diamonds</name>
		<pose>Unspecified</pose>
		<truncated>1</truncated>
		<difficult>0</difficult>
		<bndbox>
			<xmin>2808</xmin>
			<ymin>1102</ymin>
			<xmax>4000</xmax>
			<ymax>1888</ymax>
		</bndbox>
	</object>
	<object>
		<name>2-green-striped-diamonds</name>
		<pose>Unspecified</pose>
		<truncated>1</truncated>
		<difficult>0</difficult>
		<bndbox>
			<xmin>2677</xmin>
			<ymin>2315</ymin>
			<xmax>3926</xmax>
			<ymax>3000</ymax>
		</bndbox>
	</object>
</annotation>
