<annotation>
	<folder>images</folder>
	<filename>20230401_184507.jpg</filename>
	<path>C:\Users\alexe\Downloads\setgame\images\20230401_184507.jpg</path>
	<source>
		<database>Unknown</database>
	</source>
	<size>
		<width>4000</width>
		<height>3000</height>
		<depth>3</depth>
	</size>
	<segmented>0</segmented>
	<object>
		<name>2-green-striped-squiggles</name>
		<pose>Unspecified</pose>
		<truncated>1</truncated>
		<difficult>0</difficult>
		<bndbox>
			<xmin>1</xmin>
			<ymin>733</ymin>
			<xmax>774</xmax>
			<ymax>1279</ymax>
		</bndbox>
	</object>
	<object>
		<name>1-red-empty-oval</name>
		<pose>Unspecified</pose>
		<truncated>0</truncated>
		<difficult>0</difficult>
		<bndbox>
			<xmin>883</xmin>
			<ymin>727</ymin>
			<xmax>1752</xmax>
			<ymax>1302</ymax>
		</bndbox>
	</object>
	<object>
		<name>2-green-empty-squiggles</name>
		<pose>Unspecified</pose>
		<truncated>0</truncated>
		<difficult>0</difficult>
		<bndbox>
			<xmin>97</xmin>
			<ymin>1489</ymin>
			<xmax>826</xmax>
			<ymax>1971</ymax>
		</bndbox>
	</object>
	<object>
		<name>3-red-striped-squiggles</name>
		<pose>Unspecified</pose>
		<truncated>0</truncated>
		<difficult>0</difficult>
		<bndbox>
			<xmin>984</xmin>
			<ymin>1457</ymin>
			<xmax>1836</xmax>
			<ymax>2011</ymax>
		</bndbox>
	</object>
	<object>
		<name>3-red-striped-diamonds</name>
		<pose>Unspecified</pose>
		<truncated>0</truncated>
		<difficult>0</difficult>
		<bndbox>
			<xmin>191</xmin>
			<ymin>2243</ymin>
			<xmax>920</xmax>
			<ymax>2761</ymax>
		</bndbox>
	</object>
	<object>
		<name>1-red-empty-diamond</name>
		<pose>Unspecified</pose>
		<truncated>0</truncated>
		<difficult>0</difficult>
		<bndbox>
			<xmin>999</xmin>
			<ymin>2241</ymin>
			<xmax>1765</xmax>
			<ymax>2750</ymax>
		</bndbox>
	</object>
	<object>
		<name>3-purple-empty-diamonds</name>
		<pose>Unspecified</pose>
		<truncated>0</truncated>
		<difficult>0</difficult>
		<bndbox>
			<xmin>1911</xmin>
			<ymin>670</ymin>
			<xmax>2818</xmax>
			<ymax>1243</ymax>
		</bndbox>
	</object>
	<object>
		<name>1-red-striped-diamond</name>
		<pose>Unspecified</pose>
		<truncated>0</truncated>
		<difficult>0</difficult>
		<bndbox>
			<xmin>1935</xmin>
			<ymin>1526</ymin>
			<xmax>2781</xmax>
			<ymax>2084</ymax>
		</bndbox>
	</object>
	<object>
		<name>3-green-solid-squiggles</name>
		<pose>Unspecified</pose>
		<truncated>0</truncated>
		<difficult>0</difficult>
		<bndbox>
			<xmin>1933</xmin>
			<ymin>2281</ymin>
			<xmax>2738</xmax>
			<ymax>2750</ymax>
		</bndbox>
	</object>
	<object>
		<name>2-red-solid-squiggles</name>
		<pose>Unspecified</pose>
		<truncated>0</truncated>
		<difficult>0</difficult>
		<bndbox>
			<xmin>2954</xmin>
			<ymin>662</ymin>
			<xmax>3920</xmax>
			<ymax>1304</ymax>
		</bndbox>
	</object>
	<object>
		<name>3-purple-striped-diamonds</name>
		<pose>Unspecified</pose>
		<truncated>0</truncated>
		<difficult>0</difficult>
		<bndbox>
			<xmin>2882</xmin>
			<ymin>1576</ymin>
			<xmax>3761</xmax>
			<ymax>2152</ymax>
		</bndbox>
	</object>
	<object>
		<name>1-green-striped-oval</name>
		<pose>Unspecified</pose>
		<truncated>0</truncated>
		<difficult>0</difficult>
		<bndbox>
			<xmin>2922</xmin>
			<ymin>2368</ymin>
			<xmax>3742</xmax>
			<ymax>2899</ymax>
		</bndbox>
	</object>
</annotation>
