<annotation>
	<folder>images</folder>
	<filename>20230401_190050.jpg</filename>
	<path>C:\Users\alexe\Downloads\setgame\images\20230401_190050.jpg</path>
	<source>
		<database>Unknown</database>
	</source>
	<size>
		<width>4000</width>
		<height>3000</height>
		<depth>3</depth>
	</size>
	<segmented>0</segmented>
	<object>
		<name>2-red-striped-squiggles</name>
		<pose>Unspecified</pose>
		<truncated>0</truncated>
		<difficult>0</difficult>
		<bndbox>
			<xmin>560</xmin>
			<ymin>911</ymin>
			<xmax>1583</xmax>
			<ymax>1554</ymax>
		</bndbox>
	</object>
	<object>
		<name>1-red-solid-diamond</name>
		<pose>Unspecified</pose>
		<truncated>0</truncated>
		<difficult>0</difficult>
		<bndbox>
			<xmin>533</xmin>
			<ymin>1795</ymin>
			<xmax>1445</xmax>
			<ymax>2275</ymax>
		</bndbox>
	</object>
	<object>
		<name>1-purple-striped-diamond</name>
		<pose>Unspecified</pose>
		<truncated>0</truncated>
		<difficult>0</difficult>
		<bndbox>
			<xmin>514</xmin>
			<ymin>2404</ymin>
			<xmax>1393</xmax>
			<ymax>2840</ymax>
		</bndbox>
	</object>
	<object>
		<name>2-red-striped-ovals</name>
		<pose>Unspecified</pose>
		<truncated>0</truncated>
		<difficult>0</difficult>
		<bndbox>
			<xmin>1875</xmin>
			<ymin>1006</ymin>
			<xmax>2858</xmax>
			<ymax>1596</ymax>
		</bndbox>
	</object>
	<object>
		<name>3-green-empty-ovals</name>
		<pose>Unspecified</pose>
		<truncated>0</truncated>
		<difficult>0</difficult>
		<bndbox>
			<xmin>1770</xmin>
			<ymin>1881</ymin>
			<xmax>2658</xmax>
			<ymax>2334</ymax>
		</bndbox>
	</object>
	<object>
		<name>3-red-solid-squiggles</name>
		<pose>Unspecified</pose>
		<truncated>0</truncated>
		<difficult>0</difficult>
		<bndbox>
			<xmin>1694</xmin>
			<ymin>2445</ymin>
			<xmax>2504</xmax>
			<ymax>2874</ymax>
		</bndbox>
	</object>
	<object>
		<name>1-green-empty-squiggle</name>
		<pose>Unspecified</pose>
		<truncated>0</truncated>
		<difficult>0</difficult>
		<bndbox>
			<xmin>2710</xmin>
			<ymin>2611</ymin>
			<xmax>3522</xmax>
			<ymax>2996</ymax>
		</bndbox>
	</object>
	<object>
		<name>2-purple-striped-ovals</name>
		<pose>Unspecified</pose>
		<truncated>0</truncated>
		<difficult>0</difficult>
		<bndbox>
			<xmin>2888</xmin>
			<ymin>1940</ymin>
			<xmax>3695</xmax>
			<ymax>2393</ymax>
		</bndbox>
	</object>
	<object>
		<name>2-red-solid-ovals</name>
		<pose>Unspecified</pose>
		<truncated>0</truncated>
		<difficult>0</difficult>
		<bndbox>
			<xmin>3128</xmin>
			<ymin>1109</ymin>
			<xmax>3977</xmax>
			<ymax>1690</ymax>
		</bndbox>
	</object>
</annotation>
