<annotation>
	<folder>images</folder>
	<filename>20230401_184040.jpg</filename>
	<path>C:\Users\alexe\Downloads\model\images\20230401_184040.jpg</path>
	<source>
		<database>Unknown</database>
	</source>
	<size>
		<width>4000</width>
		<height>3000</height>
		<depth>3</depth>
	</size>
	<segmented>0</segmented>
	<object>
		<name>1-green-striped-diamond</name>
		<pose>Unspecified</pose>
		<truncated>0</truncated>
		<difficult>0</difficult>
		<bndbox>
			<xmin>529</xmin>
			<ymin>909</ymin>
			<xmax>1122</xmax>
			<ymax>1302</ymax>
		</bndbox>
	</object>
	<object>
		<name>1-purple-solid-oval</name>
		<pose>Unspecified</pose>
		<truncated>0</truncated>
		<difficult>0</difficult>
		<bndbox>
			<xmin>1231</xmin>
			<ymin>920</ymin>
			<xmax>1868</xmax>
			<ymax>1302</ymax>
		</bndbox>
	</object>
	<object>
		<name>1-purple-solid-diamond</name>
		<pose>Unspecified</pose>
		<truncated>0</truncated>
		<difficult>0</difficult>
		<bndbox>
			<xmin>2002</xmin>
			<ymin>922</ymin>
			<xmax>2658</xmax>
			<ymax>1304</ymax>
		</bndbox>
	</object>
	<object>
		<name>2-green-striped-squiggles</name>
		<pose>Unspecified</pose>
		<truncated>0</truncated>
		<difficult>0</difficult>
		<bndbox>
			<xmin>2770</xmin>
			<ymin>875</ymin>
			<xmax>3495</xmax>
			<ymax>1288</ymax>
		</bndbox>
	</object>
	<object>
		<name>3-purple-striped-squiggles</name>
		<pose>Unspecified</pose>
		<truncated>0</truncated>
		<difficult>0</difficult>
		<bndbox>
			<xmin>445</xmin>
			<ymin>1495</ymin>
			<xmax>1081</xmax>
			<ymax>1943</ymax>
		</bndbox>
	</object>
	<object>
		<name>3-red-empty-diamonds</name>
		<pose>Unspecified</pose>
		<truncated>0</truncated>
		<difficult>0</difficult>
		<bndbox>
			<xmin>1199</xmin>
			<ymin>1504</ymin>
			<xmax>1874</xmax>
			<ymax>1938</ymax>
		</bndbox>
	</object>
	<object>
		<name>2-red-solid-diamonds</name>
		<pose>Unspecified</pose>
		<truncated>0</truncated>
		<difficult>0</difficult>
		<bndbox>
			<xmin>1986</xmin>
			<ymin>1502</ymin>
			<xmax>2724</xmax>
			<ymax>1963</ymax>
		</bndbox>
	</object>
	<object>
		<name>2-green-empty-squiggles</name>
		<pose>Unspecified</pose>
		<truncated>0</truncated>
		<difficult>0</difficult>
		<bndbox>
			<xmin>2836</xmin>
			<ymin>1454</ymin>
			<xmax>3574</xmax>
			<ymax>1915</ymax>
		</bndbox>
	</object>
	<object>
		<name>2-green-solid-diamonds</name>
		<pose>Unspecified</pose>
		<truncated>0</truncated>
		<difficult>0</difficult>
		<bndbox>
			<xmin>320</xmin>
			<ymin>2113</ymin>
			<xmax>949</xmax>
			<ymax>2613</ymax>
		</bndbox>
	</object>
	<object>
		<name>1-red-striped-squiggle</name>
		<pose>Unspecified</pose>
		<truncated>0</truncated>
		<difficult>0</difficult>
		<bndbox>
			<xmin>1177</xmin>
			<ymin>2125</ymin>
			<xmax>1847</xmax>
			<ymax>2629</ymax>
		</bndbox>
	</object>
	<object>
		<name>1-red-empty-squiggle</name>
		<pose>Unspecified</pose>
		<truncated>0</truncated>
		<difficult>0</difficult>
		<bndbox>
			<xmin>2015</xmin>
			<ymin>2147</ymin>
			<xmax>2745</xmax>
			<ymax>2659</ymax>
		</bndbox>
	</object>
	<object>
		<name>3-red-striped-diamonds</name>
		<pose>Unspecified</pose>
		<truncated>0</truncated>
		<difficult>0</difficult>
		<bndbox>
			<xmin>2874</xmin>
			<ymin>2113</ymin>
			<xmax>3670</xmax>
			<ymax>2634</ymax>
		</bndbox>
	</object>
</annotation>
