<annotation>
	<folder>images</folder>
	<filename>20230401_185840.jpg</filename>
	<path>C:\Users\alexe\Downloads\model\images\20230401_185840.jpg</path>
	<source>
		<database>Unknown</database>
	</source>
	<size>
		<width>4000</width>
		<height>3000</height>
		<depth>3</depth>
	</size>
	<segmented>0</segmented>
	<object>
		<name>1-red-solid-squiggle</name>
		<pose>Unspecified</pose>
		<truncated>0</truncated>
		<difficult>0</difficult>
		<bndbox>
			<xmin>211</xmin>
			<ymin>1070</ymin>
			<xmax>979</xmax>
			<ymax>1565</ymax>
		</bndbox>
	</object>
	<object>
		<name>1-green-solid-squiggle</name>
		<pose>Unspecified</pose>
		<truncated>0</truncated>
		<difficult>0</difficult>
		<bndbox>
			<xmin>245</xmin>
			<ymin>1734</ymin>
			<xmax>987</xmax>
			<ymax>2170</ymax>
		</bndbox>
	</object>
	<object>
		<name>3-red-striped-ovals</name>
		<pose>Unspecified</pose>
		<truncated>0</truncated>
		<difficult>0</difficult>
		<bndbox>
			<xmin>314</xmin>
			<ymin>2368</ymin>
			<xmax>1022</xmax>
			<ymax>2809</ymax>
		</bndbox>
	</object>
	<object>
		<name>3-red-solid-ovals</name>
		<pose>Unspecified</pose>
		<truncated>0</truncated>
		<difficult>0</difficult>
		<bndbox>
			<xmin>1181</xmin>
			<ymin>1083</ymin>
			<xmax>1922</xmax>
			<ymax>1564</ymax>
		</bndbox>
	</object>
	<object>
		<name>1-purple-striped-squiggle</name>
		<pose>Unspecified</pose>
		<truncated>0</truncated>
		<difficult>0</difficult>
		<bndbox>
			<xmin>1197</xmin>
			<ymin>1727</ymin>
			<xmax>1925</xmax>
			<ymax>2187</ymax>
		</bndbox>
	</object>
	<object>
		<name>2-red-empty-ovals</name>
		<pose>Unspecified</pose>
		<truncated>0</truncated>
		<difficult>0</difficult>
		<bndbox>
			<xmin>1174</xmin>
			<ymin>2332</ymin>
			<xmax>1899</xmax>
			<ymax>2765</ymax>
		</bndbox>
	</object>
	<object>
		<name>2-red-empty-squiggles</name>
		<pose>Unspecified</pose>
		<truncated>0</truncated>
		<difficult>0</difficult>
		<bndbox>
			<xmin>2142</xmin>
			<ymin>1075</ymin>
			<xmax>2908</xmax>
			<ymax>1559</ymax>
		</bndbox>
	</object>
	<object>
		<name>2-purple-solid-ovals</name>
		<pose>Unspecified</pose>
		<truncated>0</truncated>
		<difficult>0</difficult>
		<bndbox>
			<xmin>2148</xmin>
			<ymin>1712</ymin>
			<xmax>2840</xmax>
			<ymax>2177</ymax>
		</bndbox>
	</object>
	<object>
		<name>2-purple-empty-squiggles</name>
		<pose>Unspecified</pose>
		<truncated>0</truncated>
		<difficult>0</difficult>
		<bndbox>
			<xmin>2126</xmin>
			<ymin>2340</ymin>
			<xmax>2865</xmax>
			<ymax>2781</ymax>
		</bndbox>
	</object>
	<object>
		<name>2-red-striped-squiggles</name>
		<pose>Unspecified</pose>
		<truncated>0</truncated>
		<difficult>0</difficult>
		<bndbox>
			<xmin>3227</xmin>
			<ymin>1023</ymin>
			<xmax>3957</xmax>
			<ymax>1488</ymax>
		</bndbox>
	</object>
	<object>
		<name>1-red-solid-diamond</name>
		<pose>Unspecified</pose>
		<truncated>0</truncated>
		<difficult>0</difficult>
		<bndbox>
			<xmin>3109</xmin>
			<ymin>1709</ymin>
			<xmax>3874</xmax>
			<ymax>2159</ymax>
		</bndbox>
	</object>
	<object>
		<name>1-purple-striped-diamond</name>
		<pose>Unspecified</pose>
		<truncated>0</truncated>
		<difficult>0</difficult>
		<bndbox>
			<xmin>3057</xmin>
			<ymin>2300</ymin>
			<xmax>3777</xmax>
			<ymax>2731</ymax>
		</bndbox>
	</object>
</annotation>
