<annotation>
	<folder>images</folder>
	<filename>20230401_185439.jpg</filename>
	<path>C:\Users\alexe\Downloads\setgame\images\20230401_185439.jpg</path>
	<source>
		<database>Unknown</database>
	</source>
	<size>
		<width>4000</width>
		<height>3000</height>
		<depth>3</depth>
	</size>
	<segmented>0</segmented>
	<object>
		<name>3-green-striped-squiggles</name>
		<pose>Unspecified</pose>
		<truncated>0</truncated>
		<difficult>0</difficult>
		<bndbox>
			<xmin>722</xmin>
			<ymin>588</ymin>
			<xmax>1531</xmax>
			<ymax>1055</ymax>
		</bndbox>
	</object>
	<object>
		<name>2-purple-striped-squiggles</name>
		<pose>Unspecified</pose>
		<truncated>0</truncated>
		<difficult>0</difficult>
		<bndbox>
			<xmin>555</xmin>
			<ymin>1184</ymin>
			<xmax>1461</xmax>
			<ymax>1702</ymax>
		</bndbox>
	</object>
	<object>
		<name>3-green-striped-ovals</name>
		<pose>Unspecified</pose>
		<truncated>0</truncated>
		<difficult>0</difficult>
		<bndbox>
			<xmin>438</xmin>
			<ymin>1915</ymin>
			<xmax>1372</xmax>
			<ymax>2526</ymax>
		</bndbox>
	</object>
	<object>
		<name>3-purple-solid-squiggles</name>
		<pose>Unspecified</pose>
		<truncated>0</truncated>
		<difficult>0</difficult>
		<bndbox>
			<xmin>1695</xmin>
			<ymin>577</ymin>
			<xmax>2493</xmax>
			<ymax>1074</ymax>
		</bndbox>
	</object>
	<object>
		<name>1-purple-empty-squiggle</name>
		<pose>Unspecified</pose>
		<truncated>0</truncated>
		<difficult>0</difficult>
		<bndbox>
			<xmin>1636</xmin>
			<ymin>1204</ymin>
			<xmax>2518</xmax>
			<ymax>1741</ymax>
		</bndbox>
	</object>
	<object>
		<name>3-purple-solid-ovals</name>
		<pose>Unspecified</pose>
		<truncated>0</truncated>
		<difficult>0</difficult>
		<bndbox>
			<xmin>1610</xmin>
			<ymin>1888</ymin>
			<xmax>2574</xmax>
			<ymax>2509</ymax>
		</bndbox>
	</object>
	<object>
		<name>1-red-striped-oval</name>
		<pose>Unspecified</pose>
		<truncated>0</truncated>
		<difficult>0</difficult>
		<bndbox>
			<xmin>2730</xmin>
			<ymin>554</ymin>
			<xmax>3595</xmax>
			<ymax>1030</ymax>
		</bndbox>
	</object>
	<object>
		<name>3-purple-striped-ovals</name>
		<pose>Unspecified</pose>
		<truncated>0</truncated>
		<difficult>0</difficult>
		<bndbox>
			<xmin>2840</xmin>
			<ymin>1190</ymin>
			<xmax>3718</xmax>
			<ymax>1759</ymax>
		</bndbox>
	</object>
	<object>
		<name>3-purple-empty-ovals</name>
		<pose>Unspecified</pose>
		<truncated>0</truncated>
		<difficult>0</difficult>
		<bndbox>
			<xmin>2826</xmin>
			<ymin>1947</ymin>
			<xmax>3843</xmax>
			<ymax>2589</ymax>
		</bndbox>
	</object>
</annotation>
