<annotation>
	<folder>images</folder>
	<filename>20230401_185915.jpg</filename>
	<path>C:\Users\alexe\Downloads\setgame\images\20230401_185915.jpg</path>
	<source>
		<database>Unknown</database>
	</source>
	<size>
		<width>4000</width>
		<height>3000</height>
		<depth>3</depth>
	</size>
	<segmented>0</segmented>
	<object>
		<name>3-red-solid-ovals</name>
		<pose>Unspecified</pose>
		<truncated>0</truncated>
		<difficult>0</difficult>
		<bndbox>
			<xmin>135</xmin>
			<ymin>1069</ymin>
			<xmax>827</xmax>
			<ymax>1509</ymax>
		</bndbox>
	</object>
	<object>
		<name>1-purple-striped-squiggle</name>
		<pose>Unspecified</pose>
		<truncated>0</truncated>
		<difficult>0</difficult>
		<bndbox>
			<xmin>236</xmin>
			<ymin>1626</ymin>
			<xmax>888</xmax>
			<ymax>2004</ymax>
		</bndbox>
	</object>
	<object>
		<name>2-red-empty-ovals</name>
		<pose>Unspecified</pose>
		<truncated>0</truncated>
		<difficult>0</difficult>
		<bndbox>
			<xmin>283</xmin>
			<ymin>2108</ymin>
			<xmax>902</xmax>
			<ymax>2457</ymax>
		</bndbox>
	</object>
	<object>
		<name>2-red-empty-squiggles</name>
		<pose>Unspecified</pose>
		<truncated>0</truncated>
		<difficult>0</difficult>
		<bndbox>
			<xmin>1036</xmin>
			<ymin>1124</ymin>
			<xmax>1724</xmax>
			<ymax>1532</ymax>
		</bndbox>
	</object>
	<object>
		<name>2-purple-solid-ovals</name>
		<pose>Unspecified</pose>
		<truncated>0</truncated>
		<difficult>0</difficult>
		<bndbox>
			<xmin>1055</xmin>
			<ymin>1675</ymin>
			<xmax>1690</xmax>
			<ymax>2068</ymax>
		</bndbox>
	</object>
	<object>
		<name>2-purple-empty-squiggles</name>
		<pose>Unspecified</pose>
		<truncated>0</truncated>
		<difficult>0</difficult>
		<bndbox>
			<xmin>1120</xmin>
			<ymin>2179</ymin>
			<xmax>1690</xmax>
			<ymax>2495</ymax>
		</bndbox>
	</object>
	<object>
		<name>2-red-striped-squiggles</name>
		<pose>Unspecified</pose>
		<truncated>0</truncated>
		<difficult>0</difficult>
		<bndbox>
			<xmin>2018</xmin>
			<ymin>1117</ymin>
			<xmax>2720</xmax>
			<ymax>1561</ymax>
		</bndbox>
	</object>
	<object>
		<name>1-red-solid-diamond</name>
		<pose>Unspecified</pose>
		<truncated>0</truncated>
		<difficult>0</difficult>
		<bndbox>
			<xmin>1919</xmin>
			<ymin>1727</ymin>
			<xmax>2586</xmax>
			<ymax>2093</ymax>
		</bndbox>
	</object>
	<object>
		<name>1-purple-striped-diamond</name>
		<pose>Unspecified</pose>
		<truncated>0</truncated>
		<difficult>0</difficult>
		<bndbox>
			<xmin>1876</xmin>
			<ymin>2181</ymin>
			<xmax>2495</xmax>
			<ymax>2511</ymax>
		</bndbox>
	</object>
	<object>
		<name>2-red-striped-ovals</name>
		<pose>Unspecified</pose>
		<truncated>0</truncated>
		<difficult>0</difficult>
		<bndbox>
			<xmin>2951</xmin>
			<ymin>1125</ymin>
			<xmax>3643</xmax>
			<ymax>1572</ymax>
		</bndbox>
	</object>
	<object>
		<name>3-green-empty-ovals</name>
		<pose>Unspecified</pose>
		<truncated>0</truncated>
		<difficult>0</difficult>
		<bndbox>
			<xmin>2816</xmin>
			<ymin>1777</ymin>
			<xmax>3522</xmax>
			<ymax>2143</ymax>
		</bndbox>
	</object>
	<object>
		<name>3-red-solid-squiggles</name>
		<pose>Unspecified</pose>
		<truncated>0</truncated>
		<difficult>0</difficult>
		<bndbox>
			<xmin>2740</xmin>
			<ymin>2227</ymin>
			<xmax>3354</xmax>
			<ymax>2570</ymax>
		</bndbox>
	</object>
</annotation>
