<annotation>
	<folder>images</folder>
	<filename>20230401_185745.jpg</filename>
	<path>C:\Users\alexe\Downloads\setgame\images\20230401_185745.jpg</path>
	<source>
		<database>Unknown</database>
	</source>
	<size>
		<width>4000</width>
		<height>3000</height>
		<depth>3</depth>
	</size>
	<segmented>0</segmented>
	<object>
		<name>3-purple-empty-squiggles</name>
		<pose>Unspecified</pose>
		<truncated>1</truncated>
		<difficult>0</difficult>
		<bndbox>
			<xmin>1</xmin>
			<ymin>1095</ymin>
			<xmax>731</xmax>
			<ymax>1586</ymax>
		</bndbox>
	</object>
	<object>
		<name>1-green-solid-diamond</name>
		<pose>Unspecified</pose>
		<truncated>0</truncated>
		<difficult>0</difficult>
		<bndbox>
			<xmin>158</xmin>
			<ymin>1738</ymin>
			<xmax>836</xmax>
			<ymax>2171</ymax>
		</bndbox>
	</object>
	<object>
		<name>2-green-solid-squiggles</name>
		<pose>Unspecified</pose>
		<truncated>0</truncated>
		<difficult>0</difficult>
		<bndbox>
			<xmin>252</xmin>
			<ymin>2286</ymin>
			<xmax>894</xmax>
			<ymax>2670</ymax>
		</bndbox>
	</object>
	<object>
		<name>1-red-solid-squiggle</name>
		<pose>Unspecified</pose>
		<truncated>0</truncated>
		<difficult>0</difficult>
		<bndbox>
			<xmin>879</xmin>
			<ymin>1077</ymin>
			<xmax>1693</xmax>
			<ymax>1581</ymax>
		</bndbox>
	</object>
	<object>
		<name>1-green-solid-squiggle</name>
		<pose>Unspecified</pose>
		<truncated>0</truncated>
		<difficult>0</difficult>
		<bndbox>
			<xmin>972</xmin>
			<ymin>1747</ymin>
			<xmax>1726</xmax>
			<ymax>2188</ymax>
		</bndbox>
	</object>
	<object>
		<name>3-red-striped-ovals</name>
		<pose>Unspecified</pose>
		<truncated>0</truncated>
		<difficult>0</difficult>
		<bndbox>
			<xmin>1095</xmin>
			<ymin>2313</ymin>
			<xmax>1798</xmax>
			<ymax>2707</ymax>
		</bndbox>
	</object>
	<object>
		<name>3-red-solid-ovals</name>
		<pose>Unspecified</pose>
		<truncated>0</truncated>
		<difficult>0</difficult>
		<bndbox>
			<xmin>1913</xmin>
			<ymin>1061</ymin>
			<xmax>2774</xmax>
			<ymax>1600</ymax>
		</bndbox>
	</object>
	<object>
		<name>1-purple-striped-squiggle</name>
		<pose>Unspecified</pose>
		<truncated>0</truncated>
		<difficult>0</difficult>
		<bndbox>
			<xmin>1932</xmin>
			<ymin>1790</ymin>
			<xmax>2733</xmax>
			<ymax>2211</ymax>
		</bndbox>
	</object>
	<object>
		<name>2-red-empty-ovals</name>
		<pose>Unspecified</pose>
		<truncated>0</truncated>
		<difficult>0</difficult>
		<bndbox>
			<xmin>1922</xmin>
			<ymin>2343</ymin>
			<xmax>2668</xmax>
			<ymax>2746</ymax>
		</bndbox>
	</object>
	<object>
		<name>2-red-empty-squiggles</name>
		<pose>Unspecified</pose>
		<truncated>0</truncated>
		<difficult>0</difficult>
		<bndbox>
			<xmin>3063</xmin>
			<ymin>1047</ymin>
			<xmax>3982</xmax>
			<ymax>1612</ymax>
		</bndbox>
	</object>
	<object>
		<name>2-purple-solid-ovals</name>
		<pose>Unspecified</pose>
		<truncated>0</truncated>
		<difficult>0</difficult>
		<bndbox>
			<xmin>2983</xmin>
			<ymin>1773</ymin>
			<xmax>3828</xmax>
			<ymax>2277</ymax>
		</bndbox>
	</object>
	<object>
		<name>2-purple-empty-squiggles</name>
		<pose>Unspecified</pose>
		<truncated>0</truncated>
		<difficult>0</difficult>
		<bndbox>
			<xmin>2949</xmin>
			<ymin>2411</ymin>
			<xmax>3754</xmax>
			<ymax>2818</ymax>
		</bndbox>
	</object>
</annotation>
