<annotation>
	<folder>images</folder>
	<filename>20230401_185731.jpg</filename>
	<path>C:\Users\alexe\Downloads\setgame\images\20230401_185731.jpg</path>
	<source>
		<database>Unknown</database>
	</source>
	<size>
		<width>4000</width>
		<height>3000</height>
		<depth>3</depth>
	</size>
	<segmented>0</segmented>
	<object>
		<name>3-purple-empty-squiggles</name>
		<pose>Unspecified</pose>
		<truncated>0</truncated>
		<difficult>0</difficult>
		<bndbox>
			<xmin>429</xmin>
			<ymin>593</ymin>
			<xmax>1176</xmax>
			<ymax>1076</ymax>
		</bndbox>
	</object>
	<object>
		<name>1-green-solid-diamond</name>
		<pose>Unspecified</pose>
		<truncated>0</truncated>
		<difficult>0</difficult>
		<bndbox>
			<xmin>220</xmin>
			<ymin>1227</ymin>
			<xmax>1124</xmax>
			<ymax>1759</ymax>
		</bndbox>
	</object>
	<object>
		<name>2-green-solid-squiggles</name>
		<pose>Unspecified</pose>
		<truncated>0</truncated>
		<difficult>0</difficult>
		<bndbox>
			<xmin>72</xmin>
			<ymin>1927</ymin>
			<xmax>945</xmax>
			<ymax>2557</ymax>
		</bndbox>
	</object>
	<object>
		<name>1-red-solid-squiggle</name>
		<pose>Unspecified</pose>
		<truncated>0</truncated>
		<difficult>0</difficult>
		<bndbox>
			<xmin>1325</xmin>
			<ymin>543</ymin>
			<xmax>2161</xmax>
			<ymax>1026</ymax>
		</bndbox>
	</object>
	<object>
		<name>1-green-solid-squiggle</name>
		<pose>Unspecified</pose>
		<truncated>0</truncated>
		<difficult>0</difficult>
		<bndbox>
			<xmin>1274</xmin>
			<ymin>1190</ymin>
			<xmax>2154</xmax>
			<ymax>1713</ymax>
		</bndbox>
	</object>
	<object>
		<name>3-red-striped-ovals</name>
		<pose>Unspecified</pose>
		<truncated>0</truncated>
		<difficult>0</difficult>
		<bndbox>
			<xmin>1265</xmin>
			<ymin>1927</ymin>
			<xmax>2206</xmax>
			<ymax>2579</ymax>
		</bndbox>
	</object>
	<object>
		<name>3-red-solid-ovals</name>
		<pose>Unspecified</pose>
		<truncated>0</truncated>
		<difficult>0</difficult>
		<bndbox>
			<xmin>2390</xmin>
			<ymin>509</ymin>
			<xmax>3245</xmax>
			<ymax>977</ymax>
		</bndbox>
	</object>
	<object>
		<name>1-purple-striped-squiggle</name>
		<pose>Unspecified</pose>
		<truncated>0</truncated>
		<difficult>0</difficult>
		<bndbox>
			<xmin>2404</xmin>
			<ymin>1145</ymin>
			<xmax>3308</xmax>
			<ymax>1709</ymax>
		</bndbox>
	</object>
	<object>
		<name>2-red-empty-ovals</name>
		<pose>Unspecified</pose>
		<truncated>0</truncated>
		<difficult>0</difficult>
		<bndbox>
			<xmin>2390</xmin>
			<ymin>1884</ymin>
			<xmax>3393</xmax>
			<ymax>2527</ymax>
		</bndbox>
	</object>
</annotation>
