<annotation>
	<folder>images</folder>
	<filename>20230401_190017.jpg</filename>
	<path>C:\Users\alexe\Downloads\setgame\images\20230401_190017.jpg</path>
	<source>
		<database>Unknown</database>
	</source>
	<size>
		<width>4000</width>
		<height>3000</height>
		<depth>3</depth>
	</size>
	<segmented>0</segmented>
	<object>
		<name>2-red-empty-squiggles</name>
		<pose>Unspecified</pose>
		<truncated>0</truncated>
		<difficult>0</difficult>
		<bndbox>
			<xmin>220</xmin>
			<ymin>1015</ymin>
			<xmax>1011</xmax>
			<ymax>1479</ymax>
		</bndbox>
	</object>
	<object>
		<name>2-purple-solid-ovals</name>
		<pose>Unspecified</pose>
		<truncated>0</truncated>
		<difficult>0</difficult>
		<bndbox>
			<xmin>302</xmin>
			<ymin>1606</ymin>
			<xmax>1014</xmax>
			<ymax>1993</ymax>
		</bndbox>
	</object>
	<object>
		<name>2-purple-empty-squiggles</name>
		<pose>Unspecified</pose>
		<truncated>0</truncated>
		<difficult>0</difficult>
		<bndbox>
			<xmin>417</xmin>
			<ymin>2119</ymin>
			<xmax>1040</xmax>
			<ymax>2456</ymax>
		</bndbox>
	</object>
	<object>
		<name>2-red-striped-squiggles</name>
		<pose>Unspecified</pose>
		<truncated>0</truncated>
		<difficult>0</difficult>
		<bndbox>
			<xmin>1304</xmin>
			<ymin>1014</ymin>
			<xmax>2036</xmax>
			<ymax>1486</ymax>
		</bndbox>
	</object>
	<object>
		<name>1-red-solid-diamond</name>
		<pose>Unspecified</pose>
		<truncated>0</truncated>
		<difficult>0</difficult>
		<bndbox>
			<xmin>1251</xmin>
			<ymin>1640</ymin>
			<xmax>1911</xmax>
			<ymax>2033</ymax>
		</bndbox>
	</object>
	<object>
		<name>1-purple-striped-diamond</name>
		<pose>Unspecified</pose>
		<truncated>0</truncated>
		<difficult>0</difficult>
		<bndbox>
			<xmin>1227</xmin>
			<ymin>2111</ymin>
			<xmax>1845</xmax>
			<ymax>2452</ymax>
		</bndbox>
	</object>
	<object>
		<name>2-red-striped-ovals</name>
		<pose>Unspecified</pose>
		<truncated>0</truncated>
		<difficult>0</difficult>
		<bndbox>
			<xmin>2230</xmin>
			<ymin>1070</ymin>
			<xmax>2958</xmax>
			<ymax>1495</ymax>
		</bndbox>
	</object>
	<object>
		<name>3-green-empty-ovals</name>
		<pose>Unspecified</pose>
		<truncated>0</truncated>
		<difficult>0</difficult>
		<bndbox>
			<xmin>2143</xmin>
			<ymin>1690</ymin>
			<xmax>2831</xmax>
			<ymax>2060</ymax>
		</bndbox>
	</object>
	<object>
		<name>3-red-solid-squiggles</name>
		<pose>Unspecified</pose>
		<truncated>0</truncated>
		<difficult>0</difficult>
		<bndbox>
			<xmin>2086</xmin>
			<ymin>2147</ymin>
			<xmax>2704</xmax>
			<ymax>2490</ymax>
		</bndbox>
	</object>
	<object>
		<name>1-green-empty-squiggle</name>
		<pose>Unspecified</pose>
		<truncated>0</truncated>
		<difficult>0</difficult>
		<bndbox>
			<xmin>2872</xmin>
			<ymin>2256</ymin>
			<xmax>3452</xmax>
			<ymax>2570</ymax>
		</bndbox>
	</object>
	<object>
		<name>2-purple-striped-ovals</name>
		<pose>Unspecified</pose>
		<truncated>0</truncated>
		<difficult>0</difficult>
		<bndbox>
			<xmin>2981</xmin>
			<ymin>1725</ymin>
			<xmax>3602</xmax>
			<ymax>2099</ymax>
		</bndbox>
	</object>
	<object>
		<name>2-red-solid-ovals</name>
		<pose>Unspecified</pose>
		<truncated>0</truncated>
		<difficult>0</difficult>
		<bndbox>
			<xmin>3124</xmin>
			<ymin>1117</ymin>
			<xmax>3877</xmax>
			<ymax>1524</ymax>
		</bndbox>
	</object>
</annotation>
