<annotation>
	<folder>images</folder>
	<filename>20230401_182949.jpg</filename>
	<path>C:\Users\alexe\Downloads\setgame\images\20230401_182949.jpg</path>
	<source>
		<database>Unknown</database>
	</source>
	<size>
		<width>4000</width>
		<height>3000</height>
		<depth>3</depth>
	</size>
	<segmented>0</segmented>
	<object>
		<name>1-purple-solid-squiggle</name>
		<pose>Unspecified</pose>
		<truncated>0</truncated>
		<difficult>0</difficult>
		<bndbox>
			<xmin>6</xmin>
			<ymin>681</ymin>
			<xmax>533</xmax>
			<ymax>1129</ymax>
		</bndbox>
	</object>
	<object>
		<name>3-green-solid-diamonds</name>
		<pose>Unspecified</pose>
		<truncated>0</truncated>
		<difficult>0</difficult>
		<bndbox>
			<xmin>729</xmin>
			<ymin>638</ymin>
			<xmax>1354</xmax>
			<ymax>1095</ymax>
		</bndbox>
	</object>
	<object>
		<name>1-purple-empty-oval</name>
		<pose>Unspecified</pose>
		<truncated>0</truncated>
		<difficult>0</difficult>
		<bndbox>
			<xmin>1493</xmin>
			<ymin>588</ymin>
			<xmax>2245</xmax>
			<ymax>1075</ymax>
		</bndbox>
	</object>
	<object>
		<name>3-green-empty-diamonds</name>
		<pose>Unspecified</pose>
		<truncated>0</truncated>
		<difficult>0</difficult>
		<bndbox>
			<xmin>2381</xmin>
			<ymin>525</ymin>
			<xmax>3240</xmax>
			<ymax>1043</ymax>
		</bndbox>
	</object>
	<object>
		<name>1-green-striped-squiggle</name>
		<pose>Unspecified</pose>
		<truncated>0</truncated>
		<difficult>0</difficult>
		<bndbox>
			<xmin>6</xmin>
			<ymin>1411</ymin>
			<xmax>563</xmax>
			<ymax>1831</ymax>
		</bndbox>
	</object>
	<object>
		<name>2-red-empty-diamonds</name>
		<pose>Unspecified</pose>
		<truncated>0</truncated>
		<difficult>0</difficult>
		<bndbox>
			<xmin>674</xmin>
			<ymin>1400</ymin>
			<xmax>1311</xmax>
			<ymax>1868</ymax>
		</bndbox>
	</object>
	<object>
		<name>2-purple-striped-diamonds</name>
		<pose>Unspecified</pose>
		<truncated>0</truncated>
		<difficult>0</difficult>
		<bndbox>
			<xmin>1424</xmin>
			<ymin>1386</ymin>
			<xmax>2172</xmax>
			<ymax>1890</ymax>
		</bndbox>
	</object>
	<object>
		<name>3-green-empty-squiggles</name>
		<pose>Unspecified</pose>
		<truncated>0</truncated>
		<difficult>0</difficult>
		<bndbox>
			<xmin>2340</xmin>
			<ymin>1390</ymin>
			<xmax>3213</xmax>
			<ymax>1915</ymax>
		</bndbox>
	</object>
	<object>
		<name>1-green-empty-diamond</name>
		<pose>Unspecified</pose>
		<truncated>0</truncated>
		<difficult>0</difficult>
		<bndbox>
			<xmin>108</xmin>
			<ymin>2204</ymin>
			<xmax>668</xmax>
			<ymax>2629</ymax>
		</bndbox>
	</object>
	<object>
		<name>2-purple-empty-ovals</name>
		<pose>Unspecified</pose>
		<truncated>0</truncated>
		<difficult>0</difficult>
		<bndbox>
			<xmin>765</xmin>
			<ymin>2177</ymin>
			<xmax>1420</xmax>
			<ymax>2622</ymax>
		</bndbox>
	</object>
	<object>
		<name>2-purple-empty-diamonds</name>
		<pose>Unspecified</pose>
		<truncated>0</truncated>
		<difficult>0</difficult>
		<bndbox>
			<xmin>1520</xmin>
			<ymin>2175</ymin>
			<xmax>2261</xmax>
			<ymax>2665</ymax>
		</bndbox>
	</object>
	<object>
		<name>2-purple-solid-diamonds</name>
		<pose>Unspecified</pose>
		<truncated>0</truncated>
		<difficult>0</difficult>
		<bndbox>
			<xmin>2490</xmin>
			<ymin>2209</ymin>
			<xmax>3377</xmax>
			<ymax>2763</ymax>
		</bndbox>
	</object>
</annotation>
