<annotation>
	<folder>images</folder>
	<filename>20230401_184751.jpg</filename>
	<path>C:\Users\alexe\Downloads\setgame\images\20230401_184751.jpg</path>
	<source>
		<database>Unknown</database>
	</source>
	<size>
		<width>4000</width>
		<height>3000</height>
		<depth>3</depth>
	</size>
	<segmented>0</segmented>
	<object>
		<name>3-red-empty-ovals</name>
		<pose>Unspecified</pose>
		<truncated>0</truncated>
		<difficult>0</difficult>
		<bndbox>
			<xmin>75</xmin>
			<ymin>439</ymin>
			<xmax>943</xmax>
			<ymax>1079</ymax>
		</bndbox>
	</object>
	<object>
		<name>3-purple-solid-diamonds</name>
		<pose>Unspecified</pose>
		<truncated>0</truncated>
		<difficult>0</difficult>
		<bndbox>
			<xmin>138</xmin>
			<ymin>1400</ymin>
			<xmax>995</xmax>
			<ymax>2011</ymax>
		</bndbox>
	</object>
	<object>
		<name>2-purple-solid-squiggles</name>
		<pose>Unspecified</pose>
		<truncated>0</truncated>
		<difficult>0</difficult>
		<bndbox>
			<xmin>215</xmin>
			<ymin>2234</ymin>
			<xmax>1099</xmax>
			<ymax>2861</ymax>
		</bndbox>
	</object>
	<object>
		<name>3-green-solid-ovals</name>
		<pose>Unspecified</pose>
		<truncated>0</truncated>
		<difficult>0</difficult>
		<bndbox>
			<xmin>1188</xmin>
			<ymin>370</ymin>
			<xmax>2179</xmax>
			<ymax>1050</ymax>
		</bndbox>
	</object>
	<object>
		<name>1-green-empty-oval</name>
		<pose>Unspecified</pose>
		<truncated>0</truncated>
		<difficult>0</difficult>
		<bndbox>
			<xmin>1248</xmin>
			<ymin>1303</ymin>
			<xmax>2243</xmax>
			<ymax>1988</ymax>
		</bndbox>
	</object>
	<object>
		<name>2-green-striped-ovals</name>
		<pose>Unspecified</pose>
		<truncated>0</truncated>
		<difficult>0</difficult>
		<bndbox>
			<xmin>1291</xmin>
			<ymin>2232</ymin>
			<xmax>2306</xmax>
			<ymax>2918</ymax>
		</bndbox>
	</object>
	<object>
		<name>1-purple-striped-oval</name>
		<pose>Unspecified</pose>
		<truncated>0</truncated>
		<difficult>0</difficult>
		<bndbox>
			<xmin>2428</xmin>
			<ymin>294</ymin>
			<xmax>3570</xmax>
			<ymax>1006</ymax>
		</bndbox>
	</object>
	<object>
		<name>2-green-empty-ovals</name>
		<pose>Unspecified</pose>
		<truncated>0</truncated>
		<difficult>0</difficult>
		<bndbox>
			<xmin>2490</xmin>
			<ymin>1274</ymin>
			<xmax>3613</xmax>
			<ymax>2004</ymax>
		</bndbox>
	</object>
	<object>
		<name>1-green-solid-oval</name>
		<pose>Unspecified</pose>
		<truncated>0</truncated>
		<difficult>0</difficult>
		<bndbox>
			<xmin>2485</xmin>
			<ymin>2288</ymin>
			<xmax>3599</xmax>
			<ymax>2993</ymax>
		</bndbox>
	</object>
</annotation>
