<annotation>
	<folder>images</folder>
	<filename>20230401_182922.jpg</filename>
	<path>C:\Users\alexe\Downloads\setgame\images\20230401_182922.jpg</path>
	<source>
		<database>Unknown</database>
	</source>
	<size>
		<width>4000</width>
		<height>3000</height>
		<depth>3</depth>
	</size>
	<segmented>0</segmented>
	<object>
		<name>1-purple-solid-squiggle</name>
		<pose>Unspecified</pose>
		<truncated>0</truncated>
		<difficult>0</difficult>
		<bndbox>
			<xmin>700</xmin>
			<ymin>257</ymin>
			<xmax>1484</xmax>
			<ymax>867</ymax>
		</bndbox>
	</object>
	<object>
		<name>3-green-solid-diamonds</name>
		<pose>Unspecified</pose>
		<truncated>0</truncated>
		<difficult>0</difficult>
		<bndbox>
			<xmin>1751</xmin>
			<ymin>231</ymin>
			<xmax>2658</xmax>
			<ymax>783</ymax>
		</bndbox>
	</object>
	<object>
		<name>1-purple-empty-oval</name>
		<pose>Unspecified</pose>
		<truncated>0</truncated>
		<difficult>0</difficult>
		<bndbox>
			<xmin>2906</xmin>
			<ymin>167</ymin>
			<xmax>3903</xmax>
			<ymax>789</ymax>
		</bndbox>
	</object>
	<object>
		<name>1-green-striped-squiggle</name>
		<pose>Unspecified</pose>
		<truncated>0</truncated>
		<difficult>0</difficult>
		<bndbox>
			<xmin>706</xmin>
			<ymin>1212</ymin>
			<xmax>1496</xmax>
			<ymax>1754</ymax>
		</bndbox>
	</object>
	<object>
		<name>2-red-empty-diamonds</name>
		<pose>Unspecified</pose>
		<truncated>0</truncated>
		<difficult>0</difficult>
		<bndbox>
			<xmin>1654</xmin>
			<ymin>1199</ymin>
			<xmax>2561</xmax>
			<ymax>1799</ymax>
		</bndbox>
	</object>
	<object>
		<name>2-purple-striped-diamonds</name>
		<pose>Unspecified</pose>
		<truncated>0</truncated>
		<difficult>0</difficult>
		<bndbox>
			<xmin>2732</xmin>
			<ymin>1193</ymin>
			<xmax>3761</xmax>
			<ymax>1841</ymax>
		</bndbox>
	</object>
	<object>
		<name>1-green-empty-diamond</name>
		<pose>Unspecified</pose>
		<truncated>0</truncated>
		<difficult>0</difficult>
		<bndbox>
			<xmin>851</xmin>
			<ymin>2218</ymin>
			<xmax>1638</xmax>
			<ymax>2754</ymax>
		</bndbox>
	</object>
	<object>
		<name>2-purple-empty-ovals</name>
		<pose>Unspecified</pose>
		<truncated>0</truncated>
		<difficult>0</difficult>
		<bndbox>
			<xmin>1774</xmin>
			<ymin>2183</ymin>
			<xmax>2687</xmax>
			<ymax>2764</ymax>
		</bndbox>
	</object>
	<object>
		<name>2-purple-empty-diamonds</name>
		<pose>Unspecified</pose>
		<truncated>0</truncated>
		<difficult>0</difficult>
		<bndbox>
			<xmin>2822</xmin>
			<ymin>2196</ymin>
			<xmax>3874</xmax>
			<ymax>2802</ymax>
		</bndbox>
	</object>
	<object>
		<name>2-green-empty-diamonds</name>
		<pose>Unspecified</pose>
		<truncated>1</truncated>
		<difficult>0</difficult>
		<bndbox>
			<xmin>1</xmin>
			<ymin>2165</ymin>
			<xmax>651</xmax>
			<ymax>2686</ymax>
		</bndbox>
	</object>
</annotation>
