<annotation>
	<folder>images</folder>
	<filename>20230401_185539.jpg</filename>
	<path>C:\Users\alexe\Downloads\setgame\images\20230401_185539.jpg</path>
	<source>
		<database>Unknown</database>
	</source>
	<size>
		<width>4000</width>
		<height>3000</height>
		<depth>3</depth>
	</size>
	<segmented>0</segmented>
	<object>
		<name>3-purple-solid-squiggles</name>
		<pose>Unspecified</pose>
		<truncated>0</truncated>
		<difficult>0</difficult>
		<bndbox>
			<xmin>336</xmin>
			<ymin>1036</ymin>
			<xmax>1249</xmax>
			<ymax>1600</ymax>
		</bndbox>
	</object>
	<object>
		<name>1-purple-empty-squiggle</name>
		<pose>Unspecified</pose>
		<truncated>0</truncated>
		<difficult>0</difficult>
		<bndbox>
			<xmin>454</xmin>
			<ymin>1750</ymin>
			<xmax>1255</xmax>
			<ymax>2240</ymax>
		</bndbox>
	</object>
	<object>
		<name>3-purple-solid-ovals</name>
		<pose>Unspecified</pose>
		<truncated>0</truncated>
		<difficult>0</difficult>
		<bndbox>
			<xmin>570</xmin>
			<ymin>2375</ymin>
			<xmax>1331</xmax>
			<ymax>2788</ymax>
		</bndbox>
	</object>
	<object>
		<name>1-red-striped-oval</name>
		<pose>Unspecified</pose>
		<truncated>0</truncated>
		<difficult>0</difficult>
		<bndbox>
			<xmin>1494</xmin>
			<ymin>1046</ymin>
			<xmax>2403</xmax>
			<ymax>1642</ymax>
		</bndbox>
	</object>
	<object>
		<name>3-purple-striped-ovals</name>
		<pose>Unspecified</pose>
		<truncated>0</truncated>
		<difficult>0</difficult>
		<bndbox>
			<xmin>1569</xmin>
			<ymin>1815</ymin>
			<xmax>2386</xmax>
			<ymax>2298</ymax>
		</bndbox>
	</object>
	<object>
		<name>3-purple-empty-ovals</name>
		<pose>Unspecified</pose>
		<truncated>0</truncated>
		<difficult>0</difficult>
		<bndbox>
			<xmin>1544</xmin>
			<ymin>2454</ymin>
			<xmax>2311</xmax>
			<ymax>2855</ymax>
		</bndbox>
	</object>
	<object>
		<name>3-purple-empty-squiggles</name>
		<pose>Unspecified</pose>
		<truncated>0</truncated>
		<difficult>0</difficult>
		<bndbox>
			<xmin>2627</xmin>
			<ymin>1066</ymin>
			<xmax>3502</xmax>
			<ymax>1681</ymax>
		</bndbox>
	</object>
	<object>
		<name>1-green-solid-diamond</name>
		<pose>Unspecified</pose>
		<truncated>0</truncated>
		<difficult>0</difficult>
		<bndbox>
			<xmin>2552</xmin>
			<ymin>1886</ymin>
			<xmax>3424</xmax>
			<ymax>2351</ymax>
		</bndbox>
	</object>
	<object>
		<name>2-green-solid-squiggles</name>
		<pose>Unspecified</pose>
		<truncated>0</truncated>
		<difficult>0</difficult>
		<bndbox>
			<xmin>2488</xmin>
			<ymin>2472</ymin>
			<xmax>3286</xmax>
			<ymax>2897</ymax>
		</bndbox>
	</object>
</annotation>
